"Censo Demográfico 2010 - Rendimento - Resultados da Amostra",,,,,,,,,,"Censo Demográfico 2010 - Rendimento - Resultados da Amostra",,,,,,,,,,"Censo Demográfico 2010 - Rendimento - Resultados da Amostra",,,,,,,,,,
"Tabela 4.10.2.1 - Pessoas de 10 anos ou mais de idade, por condição de atividade na semana de referência e as classes de rendimento nominal mensal, segundo as mesorregiões, as microrregiões e os municípios - Ceará - 2010",,,,,,,,,,"Tabela 4.10.2.1 - Pessoas de 10 anos ou mais de idade, por condição de atividade na semana de referência e as classes de rendimento nominal mensal, segundo as mesorregiões, as microrregiões e os municípios - Ceará - 2010",,,,,,,,,,"Tabela 4.10.2.1 - Pessoas de 10 anos ou mais de idade, por condição de atividade na semana de referência e as classes de rendimento nominal mensal, segundo as mesorregiões, as microrregiões e os municípios - Ceará - 2010",,,,,,,,,,
,,,,,,,,,"(continua)",,,,,,,,,"(continuação)",,,,,,,,,,,"(conclusão)",
"Mesorregiões, microrregiões e municípios","Pessoas de 10 anos ou mais de idade",,,,,,,,,"Mesorregiões, microrregiões e municípios","Pessoas de 10 anos ou mais de idade",,,,,,,,,"Mesorregiões, microrregiões e municípios","Pessoas de 10 anos ou mais de idade",,,,,,,,,"Código
da
Unidade
Geográfica                                                 "
,"Total","Classes de rendimento nominal mensal (salário mínimo) (1)",,,,,,,,,"Condição de atividade na semana de referência",,,,,,,,,,"Condição de atividade na semana de referência",,,,,,,,,
,,,,,,,,,,,"Economicamente ativas ",,,,,,,,,,"Não economicamente ativas ",,,,,,,,,
,,,,,,,,,,,"Total","Classes de rendimento nominal mensal (salário mínimo) (1)",,,,,,,,,"Total","Classes de rendimento nominal mensal (salário mínimo) (1)",,,,,,,,
,,"Até 1/2","Mais de 1/2 a 1","Mais de 1 a 2","Mais de 2 a 5","Mais de 5 a 10","Mais de 10 a 20","Mais de 20","Sem rendimento (2)",,,"Até 1/2","Mais de 1/2 a 1","Mais de 1 a 2","Mais de 2 a 5","Mais de 5 a 10","Mais de 10 a 20","Mais de 20","Sem rendimento (2)",,,"Até 1/2","Mais de 1/2 a 1","Mais de 1 a 2","Mais de 2 a 5","Mais de 5 a 10","Mais de 10 a 20","Mais de 20","Sem rendimento (2)",
"Total","7 111 302 ","1 147 326 ","1 836 877 "," 886 444 "," 393 176 "," 134 410 "," 53 292 "," 26 728 ","2 633 050 ","Total","3 642 506 "," 649 320 ","1 207 633 "," 771 113 "," 344 528 "," 114 350 "," 45 646 "," 23 396 "," 486 520 ","Total","3 468 796 "," 498 005 "," 629 245 "," 115 331 "," 48 649 "," 20 060 "," 7 645 "," 3 332 ","2 146 530 ",23
"Mesorregiões",,,,,,,,,,"Mesorregiões",,,,,,,,,,"Mesorregiões",,,,,,,,,,
"Centro-Sul Cearense"," 317 930 "," 66 589 "," 88 442 "," 30 041 "," 11 230 "," 3 006 ","  782 ","  365 "," 117 476 ","Centro-Sul Cearense"," 144 950 "," 37 544 "," 46 309 "," 22 198 "," 9 762 "," 2 728 ","  650 ","  348 "," 25 410 ","Centro-Sul Cearense"," 172 981 "," 29 044 "," 42 133 "," 7 843 "," 1 468 ","  277 ","  132 ","  17 "," 92 065 ",2306
"Jaguaribe"," 449 146 "," 89 539 "," 127 873 "," 48 000 "," 17 044 "," 4 040 "," 1 076 ","  357 "," 161 216 ","Jaguaribe"," 222 677 "," 52 593 "," 77 007 "," 39 285 "," 14 923 "," 3 616 ","  981 ","  357 "," 33 916 ","Jaguaribe"," 226 468 "," 36 946 "," 50 865 "," 8 715 "," 2 122 ","  424 ","  96 ","- "," 127 300 ",2305
"Metropolitana de Fortaleza","2 954 700 "," 272 987 "," 738 350 "," 507 896 "," 255 592 "," 99 518 "," 43 083 "," 22 463 ","1 014 811 ","Metropolitana de Fortaleza","1 665 035 "," 129 166 "," 567 054 "," 468 606 "," 223 246 "," 83 240 "," 36 462 "," 19 365 "," 137 896 ","Metropolitana de Fortaleza","1 289 665 "," 143 821 "," 171 296 "," 39 290 "," 32 347 "," 16 278 "," 6 621 "," 3 098 "," 876 915 ",2303
"Noroeste Cearense","1 095 293 "," 236 562 "," 276 880 "," 91 384 "," 33 608 "," 8 548 "," 2 662 "," 1 225 "," 444 423 ","Noroeste Cearense"," 524 024 "," 146 377 "," 168 514 "," 73 596 "," 29 847 "," 7 666 "," 2 404 "," 1 143 "," 94 477 ","Noroeste Cearense"," 571 269 "," 90 185 "," 108 366 "," 17 788 "," 3 761 ","  882 ","  258 ","  82 "," 349 946 ",2301
"Norte Cearense"," 835 558 "," 175 155 "," 214 184 "," 72 529 "," 24 945 "," 5 106 "," 1 346 ","  509 "," 341 785 ","Norte Cearense"," 386 295 "," 100 686 "," 128 252 "," 59 500 "," 22 132 "," 4 531 "," 1 190 ","  504 "," 69 500 ","Norte Cearense"," 449 263 "," 74 469 "," 85 932 "," 13 029 "," 2 813 ","  575 ","  156 ","  5 "," 272 285 ",2302
"Sertões Cearenses"," 729 758 "," 161 800 "," 190 551 "," 59 817 "," 20 516 "," 4 823 "," 1 460 ","  571 "," 290 219 ","Sertões Cearenses"," 331 010 "," 93 665 "," 97 118 "," 44 089 "," 18 295 "," 4 324 "," 1 331 ","  557 "," 71 632 ","Sertões Cearenses"," 398 748 "," 68 135 "," 93 433 "," 15 729 "," 2 221 ","  499 ","  129 ","  15 "," 218 587 ",2304
"Sul Cearense"," 728 917 "," 144 695 "," 200 597 "," 76 775 "," 30 241 "," 9 369 "," 2 882 "," 1 237 "," 263 120 ","Sul Cearense"," 368 514 "," 89 289 "," 123 378 "," 63 839 "," 26 324 "," 8 245 "," 2 629 "," 1 121 "," 53 689 ","Sul Cearense"," 360 402 "," 55 406 "," 77 219 "," 12 937 "," 3 917 "," 1 124 ","  253 ","  116 "," 209 431 ",2307
"Microrregiões",,,,,,,,,,"Microrregiões",,,,,,,,,,"Microrregiões",,,,,,,,,,
"Baixo Curu"," 88 182 "," 17 895 "," 23 269 "," 9 418 "," 3 647 ","  782 ","  234 ","  78 "," 32 858 ","Baixo Curu"," 44 453 "," 10 042 "," 16 091 "," 8 345 "," 3 335 ","  686 ","  186 ","  78 "," 5 690 ","Baixo Curu"," 43 728 "," 7 852 "," 7 177 "," 1 073 ","  312 ","  97 ","  49 ","- "," 27 168 ",23009
"Baixo Jaguaribe"," 267 412 "," 52 189 "," 79 031 "," 30 279 "," 10 658 "," 2 573 ","  640 ","  223 "," 91 819 ","Baixo Jaguaribe"," 133 075 "," 29 283 "," 48 808 "," 24 557 "," 9 290 "," 2 320 ","  606 ","  223 "," 17 988 ","Baixo Jaguaribe"," 134 337 "," 22 906 "," 30 223 "," 5 722 "," 1 368 ","  254 ","  34 ","- "," 73 831 ",23023
"Barro"," 75 914 "," 18 417 "," 18 453 "," 6 324 "," 1 822 ","  430 ","  105 ","  40 "," 30 324 ","Barro"," 32 773 "," 11 138 "," 8 930 "," 4 281 "," 1 645 ","  391 ","  91 ","  40 "," 6 255 ","Barro"," 43 141 "," 7 279 "," 9 523 "," 2 043 ","  176 ","  39 ","  13 ","- "," 24 069 ",23031
"Baturité"," 155 902 "," 32 184 "," 41 916 "," 13 611 "," 4 208 ","  763 ","  197 ","  60 "," 62 964 ","Baturité"," 70 131 "," 18 769 "," 23 916 "," 10 576 "," 3 719 ","  673 ","  180 ","  60 "," 12 239 ","Baturité"," 85 770 "," 13 416 "," 18 000 "," 3 035 ","  489 ","  90 ","  16 ","- "," 50 725 ",23013
"Brejo Santo"," 83 619 "," 18 434 "," 22 545 "," 8 332 "," 2 927 ","  584 ","  153 ","  58 "," 30 586 ","Brejo Santo"," 39 724 "," 11 444 "," 12 877 "," 6 675 "," 2 557 ","  490 ","  147 ","  58 "," 5 476 ","Brejo Santo"," 43 895 "," 6 990 "," 9 668 "," 1 657 ","  370 ","  94 ","  6 ","- "," 25 111 ",23033
"Canindé"," 102 793 "," 21 434 "," 24 020 "," 8 735 "," 2 648 ","  703 ","  202 ","  80 "," 44 972 ","Canindé"," 39 989 "," 10 681 "," 12 138 "," 6 956 "," 2 377 ","  635 ","  163 ","  80 "," 6 958 ","Canindé"," 62 804 "," 10 753 "," 11 881 "," 1 778 ","  271 ","  68 ","  38 ","- "," 38 014 ",23012
"Cariri"," 444 257 "," 76 424 "," 128 452 "," 52 403 "," 22 219 "," 7 633 "," 2 420 "," 1 050 "," 153 658 ","Cariri"," 235 551 "," 46 702 "," 85 853 "," 45 600 "," 19 209 "," 6 671 "," 2 194 ","  941 "," 28 380 ","Cariri"," 208 707 "," 29 721 "," 42 599 "," 6 803 "," 3 010 ","  962 ","  226 ","  108 "," 125 278 ",23032
"Caririaçu"," 47 178 "," 12 115 "," 11 676 "," 3 772 "," 1 304 ","  201 ","  89 ","  8 "," 18 012 ","Caririaçu"," 23 014 "," 7 533 "," 5 885 "," 2 814 "," 1 154 ","  193 ","  81 ","  8 "," 5 346 ","Caririaçu"," 24 163 "," 4 582 "," 5 792 ","  957 ","  150 ","  8 ","  8 ","- "," 12 666 ",23030
"Cascavel"," 113 675 "," 21 916 "," 34 004 "," 11 464 "," 4 002 ","  745 ","  241 ","  63 "," 41 241 ","Cascavel"," 56 835 "," 12 823 "," 21 825 "," 10 036 "," 3 546 ","  633 ","  221 ","  58 "," 7 692 ","Cascavel"," 56 840 "," 9 093 "," 12 178 "," 1 428 ","  456 ","  112 ","  20 ","  5 "," 33 549 ",23015
"Chapada do Araripe"," 77 948 "," 19 305 "," 19 471 "," 5 945 "," 1 970 ","  522 ","  116 ","  81 "," 30 540 ","Chapada do Araripe"," 37 453 "," 12 472 "," 9 833 "," 4 468 "," 1 759 ","  500 ","  116 ","  73 "," 8 232 ","Chapada do Araripe"," 40 496 "," 6 833 "," 9 638 "," 1 477 ","  211 ","  22 ","- ","  7 "," 22 308 ",23029
"Chorozinho"," 52 581 "," 11 051 "," 13 827 "," 4 345 "," 1 260 ","  185 ","  47 ","  36 "," 21 830 ","Chorozinho"," 21 886 "," 5 601 "," 7 699 "," 3 243 "," 1 104 ","  165 ","  47 ","  36 "," 3 991 ","Chorozinho"," 30 695 "," 5 450 "," 6 128 "," 1 102 ","  157 ","  20 ","- ","- "," 17 839 ",23014
"Coreaú"," 46 189 "," 11 392 "," 10 734 "," 3 650 ","  951 ","  186 ","  19 ","- "," 19 258 ","Coreaú"," 20 987 "," 6 791 "," 5 836 "," 2 806 ","  863 ","  166 ","  19 ","- "," 4 505 ","Coreaú"," 25 202 "," 4 601 "," 4 898 ","  844 ","  87 ","  20 ","- ","- "," 14 753 ",23003
"Fortaleza","2 857 350 "," 260 573 "," 706 251 "," 493 719 "," 251 718 "," 98 600 "," 42 900 "," 22 395 "," 981 196 ","Fortaleza","1 611 750 "," 123 232 "," 542 819 "," 455 537 "," 219 672 "," 82 399 "," 36 279 "," 19 297 "," 132 516 ","Fortaleza","1 245 600 "," 137 341 "," 163 431 "," 38 182 "," 32 046 "," 16 201 "," 6 621 "," 3 098 "," 848 680 ",23016
"Ibiapaba"," 241 041 "," 59 197 "," 61 922 "," 20 342 "," 6 846 "," 1 881 ","  588 ","  265 "," 89 998 ","Ibiapaba"," 125 544 "," 40 444 "," 38 779 "," 15 846 "," 6 194 "," 1 686 ","  520 ","  243 "," 21 832 ","Ibiapaba"," 115 497 "," 18 753 "," 23 143 "," 4 496 ","  653 ","  196 ","  68 ","  22 "," 68 166 ",23002
"Iguatu"," 188 518 "," 37 236 "," 54 115 "," 18 978 "," 8 261 "," 2 125 ","  584 ","  284 "," 66 935 ","Iguatu"," 91 929 "," 21 498 "," 30 677 "," 14 908 "," 7 248 "," 1 974 ","  470 ","  284 "," 14 869 ","Iguatu"," 96 589 "," 15 739 "," 23 438 "," 4 070 "," 1 013 ","  150 ","  114 ","- "," 52 066 ",23026
"Ipu"," 114 107 "," 27 715 "," 28 898 "," 8 963 "," 3 006 ","  652 ","  258 ","  101 "," 44 515 ","Ipu"," 49 426 "," 15 758 "," 14 418 "," 6 161 "," 2 468 ","  551 ","  212 ","  91 "," 9 768 ","Ipu"," 64 680 "," 11 957 "," 14 480 "," 2 802 ","  538 ","  101 ","  46 ","  9 "," 34 748 ",23006
"Itapipoca"," 168 100 "," 36 447 "," 38 687 "," 13 572 "," 4 946 ","  998 ","  238 ","  98 "," 73 115 ","Itapipoca"," 83 404 "," 22 327 "," 23 249 "," 11 502 "," 4 462 ","  924 ","  216 ","  98 "," 20 627 ","Itapipoca"," 84 695 "," 14 119 "," 15 438 "," 2 070 ","  484 ","  74 ","  22 ","- "," 52 489 ",23008
"Lavras da Mangabeira"," 47 798 "," 10 816 "," 12 291 "," 4 136 "," 1 149 ","  366 ","  109 ","  56 "," 18 875 ","Lavras da Mangabeira"," 18 854 "," 5 722 "," 5 515 "," 2 635 ","  969 ","  306 ","  100 ","  48 "," 3 558 ","Lavras da Mangabeira"," 28 944 "," 5 094 "," 6 775 "," 1 501 ","  180 ","  60 ","  9 ","  8 "," 15 317 ",23028
"Litoral de Aracati"," 93 069 "," 18 081 "," 25 237 "," 9 698 "," 3 804 ","  949 ","  303 ","  72 "," 34 924 ","Litoral de Aracati"," 47 135 "," 11 097 "," 15 930 "," 8 218 "," 3 298 ","  823 ","  253 ","  72 "," 7 444 ","Litoral de Aracati"," 45 935 "," 6 984 "," 9 307 "," 1 480 ","  506 ","  127 ","  51 ","- "," 27 481 ",23022
"Litoral de Camocim e Acaraú"," 295 386 "," 69 395 "," 66 505 "," 21 492 "," 8 110 "," 1 928 ","  470 ","  267 "," 127 218 ","Litoral de Camocim e Acaraú"," 140 778 "," 44 273 "," 39 975 "," 17 548 "," 7 289 "," 1 782 ","  431 ","  232 "," 29 248 ","Litoral de Camocim e Acaraú"," 154 607 "," 25 123 "," 26 530 "," 3 945 ","  821 ","  146 ","  40 ","  34 "," 97 970 ",23001
"Médio Curu"," 70 553 "," 16 282 "," 17 120 "," 5 364 "," 2 141 ","  473 ","  47 ","  38 "," 29 088 ","Médio Curu"," 30 916 "," 9 733 "," 9 646 "," 4 099 "," 1 789 ","  401 ","  47 ","  38 "," 5 163 ","Médio Curu"," 39 636 "," 6 549 "," 7 474 "," 1 264 ","  352 ","  72 ","- ","- "," 23 925 ",23011
"Médio Jaguaribe"," 52 859 "," 11 164 "," 14 503 "," 4 741 "," 1 667 ","  360 ","  82 ","  38 "," 20 304 ","Médio Jaguaribe"," 25 066 "," 7 300 "," 7 647 "," 3 939 "," 1 481 ","  325 ","  76 ","  38 "," 4 260 ","Médio Jaguaribe"," 27 793 "," 3 864 "," 6 856 ","  802 ","  186 ","  35 ","  6 ","- "," 16 044 ",23024
"Meruoca"," 20 427 "," 4 202 "," 5 565 "," 2 007 ","  534 ","  89 ","  22 ","  5 "," 8 005 ","Meruoca"," 9 549 "," 2 634 "," 3 291 "," 1 580 ","  485 ","  80 ","  17 ","  5 "," 1 458 ","Meruoca"," 10 878 "," 1 568 "," 2 274 ","  427 ","  49 ","  9 ","  5 ","- "," 6 547 ",23004
"Pacajus"," 97 350 "," 12 413 "," 32 100 "," 14 177 "," 3 875 ","  918 ","  183 ","  68 "," 33 615 ","Pacajus"," 53 285 "," 5 934 "," 24 235 "," 13 070 "," 3 574 ","  841 ","  183 ","  68 "," 5 381 ","Pacajus"," 44 064 "," 6 479 "," 7 865 "," 1 107 ","  301 ","  77 ","- ","- "," 28 235 ",23017
"Santa Quitéria"," 59 828 "," 13 931 "," 14 676 "," 4 889 "," 1 383 ","  277 ","  95 ","  17 "," 24 559 ","Santa Quitéria"," 25 484 "," 7 970 "," 6 985 "," 3 703 "," 1 230 ","  277 ","  78 ","  17 "," 5 224 ","Santa Quitéria"," 34 344 "," 5 962 "," 7 690 "," 1 186 ","  154 ","- ","  17 ","- "," 19 335 ",23007
"Serra do Pereiro"," 35 805 "," 8 105 "," 9 102 "," 3 282 ","  915 ","  158 ","  51 ","  24 "," 14 169 ","Serra do Pereiro"," 17 401 "," 4 913 "," 4 622 "," 2 571 ","  853 ","  149 ","  46 ","  24 "," 4 224 ","Serra do Pereiro"," 18 404 "," 3 192 "," 4 479 ","  711 ","  62 ","  9 ","  5 ","- "," 9 945 ",23025
"Sertão de Cratéus"," 202 789 "," 46 439 "," 50 774 "," 16 396 "," 6 630 "," 1 498 ","  517 ","  204 "," 80 332 ","Sertão de Cratéus"," 89 448 "," 26 700 "," 24 381 "," 12 204 "," 5 855 "," 1 366 ","  482 ","  193 "," 18 266 ","Sertão de Cratéus"," 113 341 "," 19 738 "," 26 392 "," 4 192 ","  775 ","  132 ","  35 ","  11 "," 62 066 ",23018
"Sertão de Inhamuns"," 121 908 "," 27 926 "," 31 390 "," 9 787 "," 2 811 ","  594 ","  221 ","  141 "," 49 039 ","Sertão de Inhamuns"," 58 662 "," 17 709 "," 16 206 "," 7 078 "," 2 576 ","  569 ","  196 ","  141 "," 14 187 ","Sertão de Inhamuns"," 63 247 "," 10 217 "," 15 184 "," 2 709 ","  236 ","  25 ","  25 ","- "," 34 852 ",23020
"Sertão de Quixeramobim"," 221 209 "," 45 594 "," 59 378 "," 18 142 "," 6 857 "," 1 777 ","  520 ","  173 "," 88 769 ","Sertão de Quixeramobim"," 100 938 "," 24 990 "," 33 555 "," 14 162 "," 6 005 "," 1 533 ","  462 ","  169 "," 20 062 ","Sertão de Quixeramobim"," 120 271 "," 20 604 "," 25 823 "," 3 980 ","  852 ","  243 ","  59 ","  4 "," 68 707 ",23019
"Sertão de Senador Pompeu"," 183 852 "," 41 842 "," 49 010 "," 15 493 "," 4 217 ","  954 ","  202 ","  54 "," 72 080 ","Sertão de Senador Pompeu"," 81 963 "," 24 266 "," 22 976 "," 10 645 "," 3 859 ","  855 ","  191 ","  54 "," 19 118 ","Sertão de Senador Pompeu"," 101 889 "," 17 576 "," 26 034 "," 4 848 ","  358 ","  99 ","  11 ","- "," 52 962 ",23021
"Sobral"," 318 315 "," 50 730 "," 88 581 "," 30 041 "," 12 777 "," 3 537 "," 1 210 ","  570 "," 130 869 ","Sobral"," 152 256 "," 28 507 "," 59 230 "," 25 952 "," 11 318 "," 3 125 "," 1 127 ","  554 "," 22 443 ","Sobral"," 166 059 "," 22 223 "," 29 351 "," 4 089 "," 1 459 ","  412 ","  83 ","  16 "," 108 427 ",23005
"Uruburetama"," 83 773 "," 17 947 "," 21 342 "," 6 022 "," 2 093 ","  456 ","  140 ","  56 "," 35 717 ","Uruburetama"," 38 680 "," 10 710 "," 13 686 "," 4 743 "," 1 801 ","  414 ","  130 ","  56 "," 7 140 ","Uruburetama"," 45 093 "," 7 237 "," 7 656 "," 1 279 ","  292 ","  42 ","  10 ","- "," 28 577 ",23010
"Várzea Alegre"," 81 614 "," 18 536 "," 22 036 "," 6 927 "," 1 821 ","  515 ","  89 ","  24 "," 31 666 ","Várzea Alegre"," 34 166 "," 10 324 "," 10 116 "," 4 655 "," 1 545 ","  448 ","  79 ","  16 "," 6 983 ","Várzea Alegre"," 47 448 "," 8 212 "," 11 920 "," 2 272 ","  276 ","  67 ","  10 ","  9 "," 24 683 ",23027
"Municípios",,,,,,,,,,"Municípios",,,,,,,,,,"Municípios",,,,,,,,,,
"Abaiara"," 8 639 "," 2 202 "," 2 364 ","  759 ","  143 ","  13 ","- ","  8 "," 3 150 ","Abaiara"," 3 759 "," 1 466 "," 1 155 ","  545 ","  139 ","  13 ","- ","  8 ","  434 ","Abaiara"," 4 880 ","  736 "," 1 209 ","  214 ","  5 ","- ","- ","- "," 2 716 ",2300101
"Acarape"," 12 668 "," 2 291 "," 3 858 "," 1 143 ","  400 ","  53 ","  15 ","- "," 4 908 ","Acarape"," 5 389 "," 1 128 "," 2 384 ","  874 ","  348 ","  43 ","  15 ","- ","  596 ","Acarape"," 7 279 "," 1 163 "," 1 474 ","  269 ","  52 ","  10 ","- ","- "," 4 312 ",2300150
"Acaraú"," 47 487 "," 11 386 "," 10 586 "," 3 240 "," 1 170 ","  328 ","  70 ","  67 "," 20 639 ","Acaraú"," 22 668 "," 7 369 "," 6 498 "," 2 580 "," 1 045 ","  309 ","  70 ","  56 "," 4 740 ","Acaraú"," 24 819 "," 4 017 "," 4 088 ","  660 ","  125 ","  19 ","- ","  11 "," 15 900 ",2300200
"Acopiara"," 43 281 "," 11 153 "," 10 830 "," 3 509 "," 1 063 ","  157 ","  81 ","  32 "," 16 456 ","Acopiara"," 20 345 "," 6 726 "," 5 195 "," 2 411 ","  991 ","  157 ","  73 ","  32 "," 4 760 ","Acopiara"," 22 936 "," 4 428 "," 5 634 "," 1 098 ","  72 ","- ","  8 ","- "," 11 697 ",2300309
"Aiuaba"," 13 369 "," 3 176 "," 3 160 ","  966 ","  200 ","  53 ","  5 ","  6 "," 5 805 ","Aiuaba"," 6 575 "," 2 156 "," 1 610 ","  668 ","  193 ","  48 ","  5 ","  6 "," 1 890 ","Aiuaba"," 6 794 "," 1 020 "," 1 549 ","  298 ","  7 ","  5 ","- ","- "," 3 915 ",2300408
"Alcântaras"," 9 028 "," 1 776 "," 2 320 "," 1 004 ","  239 ","  23 ","  11 ","- "," 3 655 ","Alcântaras"," 4 007 "," 1 044 "," 1 260 ","  767 ","  204 ","  18 ","  11 ","- ","  701 ","Alcântaras"," 5 021 ","  732 "," 1 059 ","  237 ","  35 ","  5 ","- ","- "," 2 954 ",2300507
"Altaneira"," 5 754 "," 1 246 "," 1 460 ","  418 ","  156 ","  29 ","  16 ","- "," 2 430 ","Altaneira"," 2 059 ","  656 ","  510 ","  233 ","  129 ","  27 ","  13 ","- ","  492 ","Altaneira"," 3 695 ","  590 ","  950 ","  185 ","  26 ","  2 ","  3 ","- "," 1 937 ",2300606
"Alto Santo"," 13 801 "," 3 171 "," 4 298 "," 1 155 ","  314 ","  97 ","  12 ","- "," 4 754 ","Alto Santo"," 6 688 "," 1 806 "," 2 463 ","  982 ","  299 ","  90 ","  12 ","- "," 1 036 ","Alto Santo"," 7 113 "," 1 366 "," 1 835 ","  172 ","  15 ","  7 ","- ","- "," 3 718 ",2300705
"Amontada"," 31 498 "," 7 448 "," 6 807 "," 1 734 ","  732 ","  116 ","- ","  17 "," 14 643 ","Amontada"," 14 694 "," 4 663 "," 3 658 "," 1 321 ","  682 ","  86 ","- ","  17 "," 4 266 ","Amontada"," 16 804 "," 2 786 "," 3 149 ","  413 ","  51 ","  30 ","- ","- "," 10 377 ",2300754
"Antonina do Norte"," 5 829 "," 1 238 "," 1 679 ","  458 ","  144 ","  18 ","- ","  3 "," 2 290 ","Antonina do Norte"," 2 547 ","  763 ","  865 ","  292 ","  122 ","  15 ","- ","  3 ","  487 ","Antonina do Norte"," 3 282 ","  475 ","  814 ","  165 ","  21 ","  3 ","- ","- "," 1 803 ",2300804
"Apuiarés"," 11 735 "," 3 060 "," 2 771 ","  879 ","  333 ","  10 ","  9 ","  5 "," 4 668 ","Apuiarés"," 4 978 "," 1 882 "," 1 369 ","  571 ","  301 ","  10 ","  9 ","  5 ","  832 ","Apuiarés"," 6 757 "," 1 178 "," 1 402 ","  309 ","  32 ","- ","- ","- "," 3 835 ",2300903
"Aquiraz"," 61 133 "," 7 659 "," 19 658 "," 6 915 "," 2 648 ","  479 ","  208 ","  90 "," 23 476 ","Aquiraz"," 30 968 "," 3 703 "," 14 798 "," 6 573 "," 2 480 ","  390 ","  175 ","  90 "," 2 758 ","Aquiraz"," 30 165 "," 3 956 "," 4 861 ","  341 ","  168 ","  89 ","  33 ","- "," 20 718 ",2301000
"Aracati"," 58 774 "," 10 591 "," 15 988 "," 6 215 "," 2 662 ","  764 ","  244 ","  57 "," 22 253 ","Aracati"," 29 830 "," 6 317 "," 10 267 "," 5 368 "," 2 297 ","  668 ","  197 ","  57 "," 4 659 ","Aracati"," 28 944 "," 4 274 "," 5 722 ","  847 ","  365 ","  96 ","  47 ","- "," 17 594 ",2301109
"Aracoiaba"," 21 465 "," 4 349 "," 5 963 "," 1 613 ","  452 ","  142 ","  41 ","- "," 8 906 ","Aracoiaba"," 10 145 "," 2 348 "," 3 527 "," 1 229 ","  376 ","  114 ","  29 ","- "," 2 523 ","Aracoiaba"," 11 320 "," 2 001 "," 2 436 ","  384 ","  76 ","  28 ","  11 ","- "," 6 383 ",2301208
"Ararendá"," 8 747 "," 2 175 "," 2 237 ","  615 ","  162 ","  4 ","  5 ","- "," 3 547 ","Ararendá"," 3 621 "," 1 166 ","  873 ","  450 ","  134 ","  4 ","  5 ","- ","  988 ","Ararendá"," 5 126 "," 1 009 "," 1 365 ","  165 ","  28 ","- ","- ","- "," 2 559 ",2301257
"Araripe"," 16 761 "," 4 462 "," 3 744 "," 1 044 ","  345 ","  82 ","  11 ","- "," 7 073 ","Araripe"," 7 143 "," 2 675 "," 1 893 ","  731 ","  324 ","  71 ","  11 ","- "," 1 436 ","Araripe"," 9 618 "," 1 787 "," 1 850 ","  313 ","  20 ","  11 ","- ","- "," 5 637 ",2301307
"Aratuba"," 9 633 "," 2 437 "," 2 319 ","  813 ","  218 ","  23 ","  5 ","- "," 3 819 ","Aratuba"," 4 796 "," 1 700 "," 1 292 ","  639 ","  208 ","  19 ","- ","- ","  940 ","Aratuba"," 4 837 ","  737 "," 1 028 ","  174 ","  10 ","  4 ","  5 ","- "," 2 879 ",2301406
"Arneiroz"," 6 439 "," 1 395 "," 1 908 ","  519 ","  145 ","  25 ","  6 ","  7 "," 2 433 ","Arneiroz"," 3 113 ","  843 "," 1 050 ","  370 ","  139 ","  25 ","  3 ","  7 ","  676 ","Arneiroz"," 3 326 ","  552 ","  858 ","  150 ","  6 ","- ","  3 ","- "," 1 757 ",2301505
"Assaré"," 18 727 "," 4 380 "," 4 834 "," 1 760 ","  507 ","  97 ","  32 ","  50 "," 7 068 ","Assaré"," 8 234 "," 2 514 "," 2 192 "," 1 271 ","  470 ","  97 ","  32 ","  42 "," 1 616 ","Assaré"," 10 493 "," 1 866 "," 2 642 ","  489 ","  37 ","- ","- ","  7 "," 5 453 ",2301604
"Aurora"," 20 935 "," 4 908 "," 5 368 "," 1 939 ","  430 ","  109 ","  28 ","  11 "," 8 142 ","Aurora"," 8 549 "," 2 793 "," 2 483 "," 1 243 ","  408 ","  109 ","  28 ","  11 "," 1 475 ","Aurora"," 12 386 "," 2 115 "," 2 885 ","  697 ","  23 ","- ","- ","- "," 6 667 ",2301703
"Baixio"," 5 106 "," 1 366 "," 1 430 ","  562 ","  127 ","  35 ","  3 ","- "," 1 583 ","Baixio"," 2 477 ","  876 ","  738 ","  374 ","  110 ","  26 ","  3 ","- ","  351 ","Baixio"," 2 628 ","  490 ","  691 ","  188 ","  17 ","  9 ","- ","- "," 1 232 ",2301802
"Banabuiú"," 14 089 "," 3 061 "," 3 337 ","  968 ","  390 ","  72 ","  41 ","  4 "," 6 216 ","Banabuiú"," 5 766 "," 1 674 "," 1 627 ","  709 ","  351 ","  43 ","  35 ","- "," 1 328 ","Banabuiú"," 8 322 "," 1 387 "," 1 710 ","  259 ","  39 ","  29 ","  6 ","  4 "," 4 888 ",2301851
"Barbalha"," 45 923 "," 8 316 "," 14 049 "," 5 253 "," 2 182 ","  661 ","  283 ","  28 "," 15 152 ","Barbalha"," 24 503 "," 5 004 "," 9 364 "," 4 395 "," 1 862 ","  542 ","  260 ","  20 "," 3 057 ","Barbalha"," 21 420 "," 3 313 "," 4 684 ","  858 ","  320 ","  119 ","  23 ","  8 "," 12 095 ",2301901
"Barreira"," 16 406 "," 3 753 "," 4 517 "," 1 273 ","  421 ","  88 ","  4 ","  9 "," 6 341 ","Barreira"," 6 672 "," 1 824 "," 2 438 ","  945 ","  390 ","  85 ","  4 ","  9 ","  977 ","Barreira"," 9 734 "," 1 929 "," 2 080 ","  327 ","  31 ","  3 ","- ","- "," 5 364 ",2301950
"Barro"," 18 351 "," 4 083 "," 4 895 "," 1 491 ","  497 ","  81 ","  13 ","  8 "," 7 283 ","Barro"," 7 040 "," 2 162 "," 2 304 ","  991 ","  454 ","  63 ","  13 ","  8 "," 1 043 ","Barro"," 11 311 "," 1 921 "," 2 591 ","  499 ","  42 ","  18 ","- ","- "," 6 239 ",2302008
"Barroquinha"," 11 974 "," 3 029 "," 2 519 ","  796 ","  194 ","  68 ","  3 ","  5 "," 5 361 ","Barroquinha"," 4 373 "," 1 579 "," 1 291 ","  628 ","  167 ","  68 ","  3 ","  5 ","  633 ","Barroquinha"," 7 602 "," 1 450 "," 1 228 ","  168 ","  27 ","- ","- ","- "," 4 728 ",2302057
"Baturité"," 27 665 "," 5 363 "," 7 905 "," 2 881 "," 1 015 ","  217 ","  38 ","- "," 10 246 ","Baturité"," 13 205 "," 3 122 "," 4 564 "," 2 342 ","  910 ","  201 ","  38 ","- "," 2 028 ","Baturité"," 14 460 "," 2 242 "," 3 341 ","  539 ","  105 ","  16 ","- ","- "," 8 218 ",2302107
"Beberibe"," 41 726 "," 8 857 "," 11 829 "," 3 721 "," 1 325 ","  282 ","  82 ","  24 "," 15 606 ","Beberibe"," 20 783 "," 5 068 "," 7 626 "," 3 191 "," 1 148 ","  224 ","  71 ","  24 "," 3 430 ","Beberibe"," 20 943 "," 3 789 "," 4 203 ","  530 ","  177 ","  58 ","  11 ","- "," 12 176 ",2302206
"Bela Cruz"," 25 626 "," 7 449 "," 5 572 "," 2 097 ","  556 ","  119 ","- ","  21 "," 9 812 ","Bela Cruz"," 13 459 "," 5 043 "," 3 171 "," 1 762 ","  491 ","  106 ","- ","  21 "," 2 866 ","Bela Cruz"," 12 166 "," 2 406 "," 2 401 ","  334 ","  66 ","  13 ","- ","- "," 6 946 ",2302305
"Boa Viagem"," 43 577 "," 10 078 "," 10 614 "," 3 320 "," 1 092 ","  194 ","  61 ","  32 "," 18 185 ","Boa Viagem"," 20 206 "," 5 934 "," 5 195 "," 2 416 ","  999 ","  122 ","  61 ","  32 "," 5 447 ","Boa Viagem"," 23 371 "," 4 144 "," 5 419 ","  904 ","  93 ","  73 ","- ","- "," 12 738 ",2302404
"Brejo Santo"," 38 117 "," 6 959 "," 10 693 "," 3 638 "," 1 599 ","  350 ","  118 ","  48 "," 14 713 ","Brejo Santo"," 17 803 "," 4 114 "," 6 624 "," 3 085 "," 1 466 ","  301 ","  118 ","  48 "," 2 046 ","Brejo Santo"," 20 315 "," 2 844 "," 4 069 ","  553 ","  133 ","  49 ","- ","- "," 12 667 ",2302503
"Camocim"," 49 879 "," 10 614 "," 11 648 "," 3 659 "," 1 762 ","  444 ","  65 ","  48 "," 21 639 ","Camocim"," 23 097 "," 6 537 "," 7 599 "," 2 924 "," 1 508 ","  399 ","  50 ","  48 "," 4 032 ","Camocim"," 26 782 "," 4 077 "," 4 049 ","  735 ","  254 ","  45 ","  15 ","- "," 17 607 ",2302602
"Campos Sales"," 21 903 "," 4 954 "," 6 148 "," 1 710 ","  710 ","  275 ","  60 ","  27 "," 8 018 ","Campos Sales"," 11 513 "," 3 385 "," 3 262 "," 1 413 ","  612 ","  268 ","  60 ","  27 "," 2 486 ","Campos Sales"," 10 390 "," 1 570 "," 2 886 ","  297 ","  97 ","  7 ","- ","- "," 5 532 ",2302701
"Canindé"," 61 603 "," 12 788 "," 14 423 "," 5 629 "," 1 780 ","  565 ","  177 ","  80 "," 26 161 ","Canindé"," 24 286 "," 6 171 "," 7 435 "," 4 497 "," 1 576 ","  497 ","  144 ","  80 "," 3 886 ","Canindé"," 37 317 "," 6 617 "," 6 987 "," 1 132 ","  204 ","  68 ","  34 ","- "," 22 275 ",2302800
"Capistrano"," 14 238 "," 3 131 "," 3 275 ","  862 ","  289 ","  43 ","  15 ","  7 "," 6 618 ","Capistrano"," 5 339 "," 1 678 "," 1 408 ","  654 ","  251 ","  32 ","  15 ","  7 "," 1 295 ","Capistrano"," 8 899 "," 1 452 "," 1 868 ","  208 ","  38 ","  10 ","- ","- "," 5 322 ",2302909
"Caridade"," 16 631 "," 3 201 "," 3 927 "," 1 377 ","  315 ","  82 ","  6 ","- "," 7 723 ","Caridade"," 6 320 "," 1 664 "," 2 069 "," 1 093 ","  280 ","  82 ","  6 ","- "," 1 127 ","Caridade"," 10 310 "," 1 536 "," 1 859 ","  285 ","  35 ","- ","- ","- "," 6 596 ",2303006
"Cariré"," 15 521 "," 3 503 "," 4 035 "," 1 209 ","  279 ","  79 ","  4 ","  6 "," 6 406 ","Cariré"," 6 287 "," 1 878 "," 1 963 ","  874 ","  233 ","  64 ","  4 ","  6 "," 1 264 ","Cariré"," 9 234 "," 1 625 "," 2 072 ","  335 ","  47 ","  15 ","- ","- "," 5 141 ",2303105
"Caririaçu"," 21 677 "," 6 019 "," 5 356 "," 1 762 ","  645 ","  96 ","  60 ","- "," 7 738 ","Caririaçu"," 11 868 "," 4 039 "," 3 036 "," 1 434 ","  597 ","  96 ","  60 ","- "," 2 607 ","Caririaçu"," 9 808 "," 1 980 "," 2 321 ","  328 ","  49 ","- ","- ","- "," 5 132 ",2303204
"Cariús"," 15 907 "," 3 360 "," 4 245 "," 1 369 ","  296 ","  84 ","  15 ","  5 "," 6 534 ","Cariús"," 6 354 "," 1 691 "," 1 749 ","  886 ","  259 ","  71 ","  5 ","  5 "," 1 689 ","Cariús"," 9 553 "," 1 669 "," 2 497 ","  482 ","  37 ","  13 ","  10 ","- "," 4 845 ",2303303
"Carnaubal"," 13 648 "," 3 584 "," 3 148 "," 1 097 ","  332 ","  48 ","  15 ","  5 "," 5 420 ","Carnaubal"," 6 633 "," 2 424 "," 1 639 ","  825 ","  302 ","  41 ","  15 ","  5 "," 1 382 ","Carnaubal"," 7 015 "," 1 160 "," 1 509 ","  272 ","  30 ","  6 ","- ","- "," 4 038 ",2303402
"Cascavel"," 56 077 "," 10 061 "," 17 161 "," 5 995 "," 2 081 ","  360 ","  153 ","  29 "," 20 238 ","Cascavel"," 28 199 "," 5 935 "," 10 910 "," 5 407 "," 1 851 ","  316 ","  144 ","  29 "," 3 608 ","Cascavel"," 27 878 "," 4 127 "," 6 252 ","  588 ","  230 ","  43 ","  9 ","- "," 16 629 ",2303501
"Catarina"," 16 112 "," 3 796 "," 4 196 "," 1 098 ","  357 ","  62 ","  17 ","  24 "," 6 562 ","Catarina"," 7 432 "," 2 079 "," 2 076 ","  904 ","  321 ","  62 ","  17 ","  24 "," 1 950 ","Catarina"," 8 680 "," 1 718 "," 2 120 ","  195 ","  35 ","- ","- ","- "," 4 612 ",2303600
"Catunda"," 8 177 "," 1 941 "," 1 859 ","  629 ","  185 ","  47 ","  20 ","  4 "," 3 490 ","Catunda"," 3 237 "," 1 177 ","  724 ","  460 ","  155 ","  47 ","  20 ","  4 ","  651 ","Catunda"," 4 940 ","  765 "," 1 135 ","  170 ","  31 ","- ","- ","- "," 2 839 ",2303659
"Caucaia"," 271 058 "," 30 148 "," 72 199 "," 42 705 "," 16 510 "," 3 750 ","  786 ","  251 "," 104 709 ","Caucaia"," 142 634 "," 14 075 "," 55 519 "," 40 117 "," 14 990 "," 3 369 ","  675 ","  191 "," 13 698 ","Caucaia"," 128 424 "," 16 073 "," 16 680 "," 2 588 "," 1 520 ","  381 ","  111 ","  60 "," 91 012 ",2303709
"Cedro"," 20 756 "," 4 166 "," 5 684 "," 1 795 ","  832 ","  188 ","  46 ","  28 "," 8 016 ","Cedro"," 9 215 "," 2 411 "," 2 723 "," 1 225 ","  713 ","  188 ","  46 ","  28 "," 1 880 ","Cedro"," 11 541 "," 1 755 "," 2 962 ","  569 ","  119 ","- ","- ","- "," 6 136 ",2303808
"Chaval"," 10 556 "," 2 539 "," 2 458 ","  680 ","  334 ","  35 ","  4 ","- "," 4 507 ","Chaval"," 4 323 "," 1 396 "," 1 333 ","  546 ","  299 ","  35 ","  4 ","- ","  711 ","Chaval"," 6 233 "," 1 143 "," 1 125 ","  134 ","  36 ","- ","- ","- "," 3 797 ",2303907
"Choró"," 10 590 "," 2 032 "," 2 121 ","  647 ","  135 ","  31 ","  16 ","- "," 5 609 ","Choró"," 3 582 ","  848 ","  852 ","  425 ","  129 ","  31 ","  16 ","- "," 1 281 ","Choró"," 7 008 "," 1 184 "," 1 269 ","  222 ","  5 ","- ","- ","- "," 4 327 ",2303931
"Chorozinho"," 15 919 "," 3 011 "," 4 609 "," 1 581 ","  452 ","  55 ","  34 ","  14 "," 6 161 ","Chorozinho"," 7 519 "," 1 582 "," 3 032 "," 1 293 ","  393 ","  50 ","  34 ","  14 "," 1 119 ","Chorozinho"," 8 399 "," 1 430 "," 1 577 ","  288 ","  59 ","  5 ","- ","- "," 5 041 ",2303956
"Coreaú"," 18 176 "," 4 472 "," 4 144 "," 1 540 ","  367 ","  87 ","- ","- "," 7 565 ","Coreaú"," 8 151 "," 2 547 "," 2 175 "," 1 281 ","  341 ","  75 ","- ","- "," 1 731 ","Coreaú"," 10 024 "," 1 925 "," 1 969 ","  259 ","  25 ","  11 ","- ","- "," 5 834 ",2304004
"Crateús"," 61 653 "," 11 677 "," 16 425 "," 5 420 "," 2 960 ","  826 ","  343 ","  107 "," 23 894 ","Crateús"," 26 882 "," 6 195 "," 8 541 "," 4 329 "," 2 441 ","  742 ","  319 ","  107 "," 4 208 ","Crateús"," 34 771 "," 5 482 "," 7 884 "," 1 091 ","  519 ","  85 ","  24 ","- "," 19 687 ",2304103
"Crato"," 101 955 "," 15 466 "," 28 850 "," 12 843 "," 6 351 "," 2 540 ","  808 ","  259 "," 34 837 ","Crato"," 54 804 "," 9 024 "," 19 679 "," 11 129 "," 5 288 "," 2 165 ","  684 ","  219 "," 6 615 ","Crato"," 47 151 "," 6 442 "," 9 172 "," 1 713 "," 1 062 ","  375 ","  125 ","  40 "," 28 222 ",2304202
"Croatá"," 14 097 "," 3 080 "," 3 048 ","  771 ","  147 ","  57 ","- ","- "," 6 995 ","Croatá"," 5 118 "," 1 679 "," 1 267 ","  460 ","  135 ","  50 ","- ","- "," 1 525 ","Croatá"," 8 979 "," 1 400 "," 1 781 ","  311 ","  12 ","  6 ","- ","- "," 5 469 ",2304236
"Cruz"," 18 637 "," 4 757 "," 4 542 "," 1 618 ","  572 ","  91 ","  92 ","  21 "," 6 945 ","Cruz"," 10 556 "," 3 647 "," 2 777 "," 1 298 ","  552 ","  82 ","  92 ","  21 "," 2 087 ","Cruz"," 8 081 "," 1 110 "," 1 765 ","  320 ","  20 ","  9 ","- ","- "," 4 857 ",2304251
"Deputado Irapuan Pinheiro"," 7 753 "," 1 820 "," 2 047 ","  727 ","  135 ","  18 ","- ","- "," 3 007 ","Deputado Irapuan Pinheiro"," 3 720 "," 1 062 ","  927 ","  452 ","  122 ","  18 ","- ","- "," 1 139 ","Deputado Irapuan Pinheiro"," 4 033 ","  758 "," 1 121 ","  275 ","  12 ","- ","- ","- "," 1 868 ",2304269
"Ererê"," 5 812 "," 1 296 "," 1 463 ","  610 ","  165 ","  17 ","- ","  2 "," 2 258 ","Ererê"," 2 725 ","  816 ","  724 ","  523 ","  158 ","  13 ","- ","  2 ","  488 ","Ererê"," 3 087 ","  480 ","  739 ","  86 ","  7 ","  4 ","- ","- "," 1 770 ",2304277
"Eusébio"," 38 040 "," 3 951 "," 11 386 "," 5 729 "," 1 833 ","  860 ","  491 ","  310 "," 13 481 ","Eusébio"," 21 495 "," 1 633 "," 9 521 "," 5 422 "," 1 683 ","  812 ","  393 ","  292 "," 1 739 ","Eusébio"," 16 545 "," 2 317 "," 1 865 ","  307 ","  150 ","  48 ","  98 ","  18 "," 11 742 ",2304285
"Farias Brito"," 15 947 "," 3 974 "," 3 968 "," 1 208 ","  415 ","  65 ","  10 ","  5 "," 6 302 ","Farias Brito"," 7 069 "," 2 201 "," 1 843 ","  848 ","  343 ","  60 ","  5 ","  5 "," 1 765 ","Farias Brito"," 8 878 "," 1 773 "," 2 125 ","  360 ","  72 ","  5 ","  5 ","- "," 4 538 ",2304301
"Forquilha"," 18 261 "," 2 982 "," 5 580 "," 2 253 ","  525 ","  96 ","  35 ","  12 "," 6 778 ","Forquilha"," 9 307 "," 1 666 "," 3 961 "," 2 015 ","  443 ","  53 ","  35 ","  12 "," 1 120 ","Forquilha"," 8 954 "," 1 315 "," 1 618 ","  238 ","  81 ","  42 ","- ","- "," 5 658 ",2304350
"Fortaleza","2 106 309 "," 172 890 "," 500 189 "," 378 968 "," 212 368 "," 90 426 "," 40 895 "," 21 527 "," 689 046 ","Fortaleza","1 223 017 "," 82 861 "," 386 463 "," 348 186 "," 184 098 "," 75 151 "," 34 600 "," 18 529 "," 93 128 ","Fortaleza"," 883 291 "," 90 029 "," 113 726 "," 30 782 "," 28 269 "," 15 275 "," 6 294 "," 2 998 "," 595 917 ",2304400
"Fortim"," 12 460 "," 2 422 "," 3 187 "," 1 195 ","  353 ","  85 ","  26 ","  5 "," 5 187 ","Fortim"," 5 750 "," 1 428 "," 1 843 ","  958 ","  282 ","  58 ","  26 ","  5 "," 1 148 ","Fortim"," 6 710 ","  994 "," 1 344 ","  236 ","  71 ","  26 ","- ","- "," 4 039 ",2304459
"Frecheirinha"," 10 712 "," 2 480 "," 2 950 ","  835 ","  302 ","  74 ","  16 ","- "," 4 057 ","Frecheirinha"," 5 136 "," 1 561 "," 1 691 ","  659 ","  270 ","  69 ","  16 ","- ","  871 ","Frecheirinha"," 5 577 ","  919 "," 1 259 ","  175 ","  32 ","  5 ","- ","- "," 3 186 ",2304509
"General Sampaio"," 5 064 "," 1 163 "," 1 302 ","  403 ","  129 ","  28 ","- ","  9 "," 2 030 ","General Sampaio"," 2 216 ","  823 ","  750 ","  297 ","  100 ","  22 ","- ","  9 ","  216 ","General Sampaio"," 2 847 ","  340 ","  552 ","  107 ","  28 ","  7 ","- ","- "," 1 814 ",2304608
"Graça"," 12 449 "," 2 595 "," 3 014 ","  712 ","  237 ","  19 ","  12 ","  5 "," 5 856 ","Graça"," 4 132 "," 1 151 "," 1 138 ","  370 ","  233 ","  14 ","  12 ","  5 "," 1 209 ","Graça"," 8 317 "," 1 444 "," 1 876 ","  342 ","  4 ","  5 ","- ","- "," 4 647 ",2304657
"Granja"," 42 619 "," 8 907 "," 7 978 "," 2 126 ","  694 ","  149 ","  92 ","  29 "," 22 644 ","Granja"," 17 764 "," 4 983 "," 3 858 "," 1 622 ","  594 ","  140 ","  71 ","  16 "," 6 480 ","Granja"," 24 855 "," 3 924 "," 4 120 ","  504 ","  100 ","  8 ","  22 ","  13 "," 16 165 ",2304707
"Granjeiro"," 3 800 ","  877 ","  893 ","  384 ","  88 ","  10 ","  4 ","  3 "," 1 541 ","Granjeiro"," 2 018 ","  637 ","  497 ","  299 ","  85 ","  10 ","  4 ","  3 ","  482 ","Granjeiro"," 1 782 ","  240 ","  396 ","  85 ","  3 ","- ","- ","- "," 1 059 ",2304806
"Groaíras"," 8 785 "," 2 014 "," 2 621 ","  895 ","  422 ","  56 ","  9 ","- "," 2 768 ","Groaíras"," 4 697 "," 1 355 "," 1 515 ","  713 ","  365 ","  41 ","  9 ","- ","  699 ","Groaíras"," 4 088 ","  659 "," 1 105 ","  182 ","  57 ","  15 ","- ","- "," 2 069 ",2304905
"Guaiúba"," 20 006 "," 3 910 "," 5 643 "," 1 761 ","  389 ","  59 ","  11 ","  25 "," 8 208 ","Guaiúba"," 9 195 "," 1 825 "," 3 881 "," 1 526 ","  346 ","  59 ","  11 ","  25 "," 1 522 ","Guaiúba"," 10 811 "," 2 085 "," 1 762 ","  234 ","  42 ","- ","- ","- "," 6 687 ",2304954
"Guaraciaba do Norte"," 30 844 "," 8 155 "," 8 308 "," 2 538 ","  715 ","  191 ","  51 ","  20 "," 10 866 ","Guaraciaba do Norte"," 16 772 "," 5 661 "," 5 329 "," 1 908 ","  619 ","  191 ","  51 ","  20 "," 2 994 ","Guaraciaba do Norte"," 14 072 "," 2 494 "," 2 980 ","  630 ","  96 ","- ","- ","- "," 7 872 ",2305001
"Guaramiranga"," 3 520 ","  516 "," 1 031 ","  426 ","  68 ","  19 ","  5 ","  2 "," 1 452 ","Guaramiranga"," 1 702 ","  322 ","  714 ","  360 ","  66 ","  17 ","  5 ","  2 ","  216 ","Guaramiranga"," 1 818 ","  194 ","  317 ","  66 ","  3 ","  2 ","- ","- "," 1 237 ",2305100
"Hidrolândia"," 16 085 "," 4 259 "," 4 169 "," 1 428 ","  389 ","  77 ","  16 ","- "," 5 748 ","Hidrolândia"," 6 835 "," 2 596 "," 1 891 ","  934 ","  347 ","  77 ","  16 ","- ","  973 ","Hidrolândia"," 9 250 "," 1 663 "," 2 278 ","  493 ","  41 ","- ","- ","- "," 4 774 ",2305209
"Horizonte"," 45 754 "," 5 033 "," 15 305 "," 6 853 "," 1 683 ","  426 ","  67 ","- "," 16 387 ","Horizonte"," 24 558 "," 2 105 "," 11 779 "," 6 337 "," 1 564 ","  397 ","  67 ","- "," 2 309 ","Horizonte"," 21 197 "," 2 928 "," 3 527 ","  515 ","  119 ","  29 ","- ","- "," 14 078 ",2305233
"Ibaretama"," 10 744 "," 2 338 "," 2 695 ","  607 ","  193 ","  50 ","- ","  5 "," 4 857 ","Ibaretama"," 4 243 "," 1 212 "," 1 312 ","  371 ","  179 ","  41 ","- ","  5 "," 1 123 ","Ibaretama"," 6 502 "," 1 126 "," 1 384 ","  236 ","  14 ","  9 ","- ","- "," 3 734 ",2305266
"Ibiapina"," 19 677 "," 5 155 "," 5 525 "," 1 825 ","  640 ","  115 ","  6 ","- "," 6 412 ","Ibiapina"," 10 415 "," 3 637 "," 3 365 "," 1 454 ","  580 ","  95 ","  6 ","- "," 1 278 ","Ibiapina"," 9 262 "," 1 518 "," 2 159 ","  371 ","  60 ","  21 ","- ","- "," 5 134 ",2305308
"Ibicuitinga"," 9 564 "," 1 992 "," 2 352 ","  637 ","  173 ","  21 ","  5 ","- "," 4 384 ","Ibicuitinga"," 3 609 ","  989 "," 1 071 ","  421 ","  162 ","  21 ","  5 ","- ","  940 ","Ibicuitinga"," 5 955 "," 1 003 "," 1 281 ","  217 ","  11 ","- ","- ","- "," 3 444 ",2305332
"Icapuí"," 15 443 "," 3 611 "," 4 234 "," 1 514 ","  523 ","  81 ","  27 ","  10 "," 5 442 ","Icapuí"," 8 052 "," 2 366 "," 2 715 "," 1 308 ","  482 ","  76 ","  23 ","  10 "," 1 071 ","Icapuí"," 7 391 "," 1 246 "," 1 519 ","  206 ","  41 ","  5 ","  4 ","- "," 4 371 ",2305357
"Icó"," 54 791 "," 10 724 "," 14 168 "," 4 764 "," 1 592 ","  400 ","  132 ","  43 "," 22 968 ","Icó"," 23 223 "," 5 338 "," 7 159 "," 3 655 "," 1 393 ","  325 ","  103 ","  43 "," 5 208 ","Icó"," 31 567 "," 5 386 "," 7 009 "," 1 109 ","  199 ","  76 ","  29 ","- "," 17 760 ",2305407
"Iguatu"," 81 920 "," 13 884 "," 25 229 "," 9 600 "," 4 931 "," 1 409 ","  393 ","  196 "," 26 279 ","Iguatu"," 43 970 "," 8 038 "," 16 286 "," 8 181 "," 4 356 "," 1 346 ","  308 ","  196 "," 5 259 ","Iguatu"," 37 950 "," 5 846 "," 8 943 "," 1 418 ","  575 ","  63 ","  85 ","- "," 21 020 ",2305506
"Independência"," 21 769 "," 5 269 "," 5 292 "," 1 816 ","  640 ","  93 ","  57 ","  10 "," 8 591 ","Independência"," 10 254 "," 3 181 "," 2 626 "," 1 101 ","  614 ","  71 ","  46 ","  10 "," 2 605 ","Independência"," 11 515 "," 2 088 "," 2 667 ","  715 ","  25 ","  23 ","  11 ","- "," 5 986 ",2305605
"Ipaporanga"," 9 474 "," 2 437 "," 2 192 ","  592 ","  124 ","  11 ","- ","- "," 4 118 ","Ipaporanga"," 3 159 "," 1 080 ","  792 ","  333 ","  111 ","  11 ","- ","- ","  832 ","Ipaporanga"," 6 316 "," 1 358 "," 1 400 ","  259 ","  13 ","- ","- ","- "," 3 286 ",2305654
"Ipaumirim"," 10 039 "," 2 198 "," 2 850 ","  875 ","  301 ","  98 ","  28 ","  20 "," 3 668 ","Ipaumirim"," 4 296 "," 1 228 "," 1 503 ","  524 ","  271 ","  86 ","  19 ","  15 ","  650 ","Ipaumirim"," 5 742 ","  970 "," 1 347 ","  351 ","  31 ","  12 ","  9 ","  5 "," 3 018 ",2305704
"Ipu"," 33 514 "," 8 163 "," 8 966 "," 3 002 "," 1 057 ","  290 ","  77 ","  74 "," 11 885 ","Ipu"," 15 428 "," 4 733 "," 4 934 "," 2 082 ","  851 ","  268 ","  46 ","  65 "," 2 450 ","Ipu"," 18 086 "," 3 429 "," 4 032 ","  920 ","  206 ","  23 ","  31 ","  9 "," 9 435 ",2305803
"Ipueiras"," 31 324 "," 7 960 "," 7 619 "," 2 376 ","  597 ","  118 ","  81 ","- "," 12 572 ","Ipueiras"," 13 891 "," 4 526 "," 3 603 "," 1 624 ","  510 ","  108 ","  70 ","- "," 3 450 ","Ipueiras"," 17 433 "," 3 433 "," 4 016 ","  753 ","  87 ","  10 ","  11 ","- "," 9 122 ",2305902
"Iracema"," 11 611 "," 2 693 "," 3 255 "," 1 187 ","  444 ","  79 ","  33 ","  22 "," 3 896 ","Iracema"," 5 898 "," 1 656 "," 1 782 ","  956 ","  409 ","  79 ","  28 ","  22 ","  965 ","Iracema"," 5 713 "," 1 038 "," 1 473 ","  231 ","  35 ","- ","  5 ","- "," 2 931 ",2306009
"Irauçuba"," 18 167 "," 3 069 "," 3 955 "," 1 140 ","  345 ","  83 ","  49 ","  11 "," 9 515 ","Irauçuba"," 6 227 "," 1 464 "," 2 096 ","  788 ","  308 ","  70 ","  49 ","  11 "," 1 441 ","Irauçuba"," 11 939 "," 1 605 "," 1 859 ","  352 ","  38 ","  12 ","- ","- "," 8 074 ",2306108
"Itaiçaba"," 6 392 "," 1 456 "," 1 827 ","  774 ","  265 ","  20 ","  6 ","- "," 2 043 ","Itaiçaba"," 3 503 ","  986 "," 1 106 ","  583 ","  237 ","  20 ","  6 ","- ","  565 ","Itaiçaba"," 2 888 ","  470 ","  722 ","  191 ","  28 ","- ","- ","- "," 1 477 ",2306207
"Itaitinga"," 29 992 "," 3 485 "," 7 662 "," 3 275 ","  997 ","  195 ","  25 ","  23 "," 14 329 ","Itaitinga"," 12 966 "," 1 740 "," 5 484 "," 2 950 ","  870 ","  158 ","  25 ","  12 "," 1 727 ","Itaitinga"," 17 026 "," 1 745 "," 2 178 ","  325 ","  127 ","  37 ","- ","  11 "," 12 602 ",2306256
"Itapagé"," 40 093 "," 8 856 "," 10 433 "," 3 180 "," 1 230 ","  253 ","  77 ","  24 "," 16 041 ","Itapagé"," 19 505 "," 5 639 "," 7 073 "," 2 633 "," 1 029 ","  223 ","  66 ","  24 "," 2 816 ","Itapagé"," 20 588 "," 3 216 "," 3 360 ","  547 ","  201 ","  29 ","  10 ","- "," 13 224 ",2306306
"Itapipoca"," 94 450 "," 18 690 "," 23 068 "," 8 682 "," 3 111 ","  702 ","  172 ","  71 "," 39 954 ","Itapipoca"," 48 245 "," 11 389 "," 14 505 "," 7 481 "," 2 782 ","  658 ","  160 ","  71 "," 11 199 ","Itapipoca"," 46 205 "," 7 300 "," 8 564 "," 1 201 ","  329 ","  44 ","  12 ","- "," 28 755 ",2306405
"Itapiúna"," 15 447 "," 3 437 "," 3 710 "," 1 259 ","  338 ","  31 ","  9 ","- "," 6 661 ","Itapiúna"," 6 135 "," 1 939 "," 1 824 ","  961 ","  307 ","  31 ","  9 ","- "," 1 064 ","Itapiúna"," 9 312 "," 1 499 "," 1 887 ","  299 ","  31 ","- ","- ","- "," 5 597 ",2306504
"Itarema"," 30 077 "," 7 638 "," 6 606 "," 2 161 ","  661 ","  244 ","  39 ","  10 "," 12 719 ","Itarema"," 15 442 "," 5 257 "," 4 233 "," 1 882 ","  633 ","  232 ","  39 ","- "," 3 167 ","Itarema"," 14 635 "," 2 381 "," 2 373 ","  279 ","  28 ","  12 ","- ","  10 "," 9 552 ",2306553
"Itatira"," 15 203 "," 3 591 "," 3 293 "," 1 121 ","  388 ","  51 ","  9 ","- "," 6 751 ","Itatira"," 5 923 "," 1 874 "," 1 495 ","  935 ","  372 ","  51 ","  4 ","- "," 1 193 ","Itatira"," 9 280 "," 1 717 "," 1 798 ","  186 ","  16 ","- ","  5 ","- "," 5 558 ",2306603
"Jaguaretama"," 15 164 "," 3 091 "," 3 935 "," 1 008 ","  334 ","  70 ","  29 ","  17 "," 6 680 ","Jaguaretama"," 6 205 "," 1 853 "," 1 745 ","  785 ","  306 ","  63 ","  23 ","  17 "," 1 412 ","Jaguaretama"," 8 959 "," 1 238 "," 2 190 ","  223 ","  28 ","  6 ","  6 ","- "," 5 267 ",2306702
"Jaguaribara"," 8 763 "," 1 674 "," 2 594 "," 1 057 ","  306 ","  42 ","  14 ","- "," 3 075 ","Jaguaribara"," 4 324 "," 1 001 "," 1 533 ","  871 ","  291 ","  36 ","  14 ","- ","  578 ","Jaguaribara"," 4 439 ","  674 "," 1 062 ","  186 ","  15 ","  6 ","- ","- "," 2 497 ",2306801
"Jaguaribe"," 28 932 "," 6 399 "," 7 974 "," 2 676 "," 1 027 ","  248 ","  38 ","  21 "," 10 549 ","Jaguaribe"," 14 538 "," 4 447 "," 4 369 "," 2 282 ","  884 ","  225 ","  38 ","  21 "," 2 270 ","Jaguaribe"," 14 395 "," 1 952 "," 3 604 ","  394 ","  143 ","  23 ","- ","- "," 8 279 ",2306900
"Jaguaruana"," 27 576 "," 6 633 "," 8 333 "," 2 865 ","  651 ","  134 ","  31 ","  10 "," 8 919 ","Jaguaruana"," 15 426 "," 4 874 "," 5 404 "," 2 456 ","  584 ","  113 ","  23 ","  10 "," 1 964 ","Jaguaruana"," 12 150 "," 1 758 "," 2 929 ","  409 ","  67 ","  22 ","  8 ","- "," 6 956 ",2307007
"Jardim"," 22 013 "," 5 195 "," 5 263 "," 2 203 ","  550 ","  155 ","  11 ","  9 "," 8 625 ","Jardim"," 9 930 "," 3 476 "," 2 549 "," 1 716 ","  482 ","  131 ","  11 ","  9 "," 1 556 ","Jardim"," 12 083 "," 1 719 "," 2 714 ","  487 ","  69 ","  25 ","- ","- "," 7 069 ",2307106
"Jati"," 6 444 "," 1 817 "," 1 574 ","  713 ","  186 ","  27 ","  15 ","  2 "," 2 111 ","Jati"," 3 637 "," 1 327 ","  879 ","  544 ","  163 ","  24 ","  9 ","  2 ","  689 ","Jati"," 2 807 ","  490 ","  695 ","  169 ","  23 ","  3 ","  6 ","- "," 1 422 ",2307205
"Jijoca de Jericoacoara"," 13 969 "," 2 739 "," 3 834 "," 1 424 ","  800 ","  245 ","  63 ","  5 "," 4 859 ","Jijoca de Jericoacoara"," 7 924 "," 1 963 "," 2 732 "," 1 215 ","  751 ","  229 ","  59 ","  5 ","  970 ","Jijoca de Jericoacoara"," 6 045 ","  777 "," 1 102 ","  208 ","  49 ","  16 ","  3 ","- "," 3 889 ",2307254
"Juazeiro do Norte"," 208 158 "," 29 533 "," 64 020 "," 26 818 "," 11 376 "," 3 849 "," 1 213 ","  648 "," 70 700 ","Juazeiro do Norte"," 113 180 "," 16 916 "," 45 270 "," 24 251 "," 9 994 "," 3 465 "," 1 149 ","  598 "," 11 537 ","Juazeiro do Norte"," 94 978 "," 12 617 "," 18 750 "," 2 567 "," 1 382 ","  385 ","  64 ","  50 "," 59 163 ",2307304
"Jucás"," 19 798 "," 4 223 "," 5 387 "," 1 581 ","  413 ","  97 ","  9 ","- "," 8 088 ","Jucás"," 7 552 "," 2 015 "," 2 386 "," 1 185 ","  404 ","  80 ","  9 ","- "," 1 474 ","Jucás"," 12 247 "," 2 209 "," 3 001 ","  397 ","  9 ","  17 ","- ","- "," 6 614 ",2307403
"Lavras da Mangabeira"," 26 316 "," 5 903 "," 6 278 "," 2 269 ","  642 ","  206 ","  73 ","  27 "," 10 917 ","Lavras da Mangabeira"," 10 156 "," 2 984 "," 2 691 "," 1 455 ","  530 ","  167 ","  73 ","  27 "," 2 228 ","Lavras da Mangabeira"," 16 160 "," 2 920 "," 3 587 ","  814 ","  112 ","  39 ","- ","- "," 8 689 ",2307502
"Limoeiro do Norte"," 48 089 "," 7 542 "," 14 341 "," 6 353 "," 2 648 ","  791 ","  159 ","  90 "," 16 164 ","Limoeiro do Norte"," 25 120 "," 4 085 "," 9 352 "," 5 265 "," 2 384 ","  722 ","  159 ","  90 "," 3 063 ","Limoeiro do Norte"," 22 969 "," 3 457 "," 4 989 "," 1 088 ","  264 ","  69 ","- ","- "," 13 102 ",2307601
"Madalena"," 14 875 "," 3 082 "," 3 472 "," 1 147 ","  302 ","  64 ","  34 ","  4 "," 6 770 ","Madalena"," 5 525 "," 1 233 "," 1 773 ","  758 ","  290 ","  64 ","  34 ","  4 "," 1 369 ","Madalena"," 9 350 "," 1 849 "," 1 699 ","  389 ","  12 ","- ","- ","- "," 5 401 ",2307635
"Maracanaú"," 176 199 "," 18 453 "," 45 673 "," 32 303 "," 10 776 "," 1 642 ","  224 ","  113 "," 67 015 ","Maracanaú"," 94 324 "," 8 717 "," 34 711 "," 30 214 "," 9 671 "," 1 400 ","  205 ","  113 "," 9 293 ","Maracanaú"," 81 875 "," 9 736 "," 10 962 "," 2 089 "," 1 105 ","  243 ","  19 ","- "," 57 722 ",2307650
"Maranguape"," 94 855 "," 13 733 "," 27 754 "," 11 852 "," 3 404 ","  632 ","  132 ","  23 "," 37 325 ","Maranguape"," 45 494 "," 6 077 "," 20 074 "," 11 109 "," 2 979 ","  563 ","  97 ","  13 "," 4 583 ","Maranguape"," 49 360 "," 7 656 "," 7 680 ","  743 ","  425 ","  69 ","  35 ","  10 "," 32 742 ",2307700
"Marco"," 19 609 "," 4 089 "," 5 268 "," 1 848 ","  650 ","  104 ","  20 ","  52 "," 7 578 ","Marco"," 10 096 "," 2 684 "," 3 641 "," 1 545 ","  603 ","  95 ","  20 ","  52 "," 1 456 ","Marco"," 9 512 "," 1 406 "," 1 627 ","  303 ","  47 ","  8 ","- ","- "," 6 121 ",2307809
"Martinópole"," 8 311 "," 2 175 "," 1 758 ","  575 ","  223 ","  50 ","  22 ","  9 "," 3 499 ","Martinópole"," 3 694 "," 1 296 ","  944 ","  459 ","  191 ","  45 ","  22 ","  9 ","  729 ","Martinópole"," 4 617 ","  879 ","  814 ","  117 ","  33 ","  5 ","- ","- "," 2 770 ",2307908
"Massapê"," 29 057 "," 5 563 "," 8 149 "," 2 468 ","  698 ","  88 ","  10 ","- "," 12 081 ","Massapê"," 13 631 "," 3 075 "," 5 396 "," 2 173 ","  612 ","  62 ","  10 ","- "," 2 303 ","Massapê"," 15 427 "," 2 488 "," 2 753 ","  296 ","  86 ","  26 ","- ","- "," 9 778 ",2308005
"Mauriti"," 36 628 "," 9 426 "," 8 190 "," 2 894 ","  894 ","  240 ","  63 ","  21 "," 14 900 ","Mauriti"," 17 183 "," 6 182 "," 4 143 "," 2 047 ","  783 ","  219 ","  50 ","  21 "," 3 737 ","Mauriti"," 19 445 "," 3 244 "," 4 047 ","  847 ","  111 ","  21 ","  13 ","- "," 11 162 ",2308104
"Meruoca"," 11 399 "," 2 426 "," 3 246 "," 1 002 ","  295 ","  66 ","  10 ","  5 "," 4 350 ","Meruoca"," 5 542 "," 1 590 "," 2 031 ","  813 ","  280 ","  62 ","  6 ","  5 ","  756 ","Meruoca"," 5 857 ","  836 "," 1 215 ","  190 ","  14 ","  4 ","  5 ","- "," 3 594 ",2308203
"Milagres"," 23 714 "," 5 758 "," 6 167 "," 2 359 ","  803 ","  152 ","  16 ","- "," 8 460 ","Milagres"," 10 558 "," 3 417 "," 3 036 "," 1 786 ","  608 ","  110 ","  16 ","- "," 1 585 ","Milagres"," 13 156 "," 2 340 "," 3 131 ","  573 ","  195 ","  42 ","- ","- "," 6 874 ",2308302
"Milhã"," 11 083 "," 2 159 "," 3 088 ","  955 ","  284 ","  58 ","  33 ","- "," 4 505 ","Milhã"," 4 053 ","  988 "," 1 267 ","  597 ","  275 ","  54 ","  33 ","- ","  839 ","Milhã"," 7 030 "," 1 171 "," 1 821 ","  358 ","  9 ","  4 ","- ","- "," 3 667 ",2308351
"Miraíma"," 10 259 "," 2 202 "," 2 139 ","  438 ","  118 ","  29 ","  18 ","  6 "," 5 309 ","Miraíma"," 3 531 "," 1 105 ","  869 ","  322 ","  93 ","  22 ","  18 ","  6 "," 1 094 ","Miraíma"," 6 728 "," 1 096 "," 1 270 ","  115 ","  25 ","  7 ","- ","- "," 4 215 ",2308377
"Missão Velha"," 28 051 "," 8 008 "," 7 075 "," 2 421 ","  759 ","  196 ","  76 ","  74 "," 9 443 ","Missão Velha"," 14 835 "," 5 644 "," 4 201 "," 1 930 ","  692 ","  174 ","  66 ","  65 "," 2 064 ","Missão Velha"," 13 215 "," 2 364 "," 2 874 ","  491 ","  67 ","  22 ","  9 ","  9 "," 7 379 ",2308401
"Mombaça"," 35 407 "," 8 634 "," 9 359 "," 3 001 ","  697 ","  258 ","  11 ","  21 "," 13 425 ","Mombaça"," 16 335 "," 5 183 "," 4 265 "," 2 127 ","  653 ","  246 ","  11 ","  21 "," 3 828 ","Mombaça"," 19 071 "," 3 451 "," 5 094 ","  874 ","  44 ","  11 ","- ","- "," 9 597 ",2308500
"Monsenhor Tabosa"," 13 922 "," 3 166 "," 3 508 "," 1 033 ","  360 ","  74 ","  31 ","  5 "," 5 744 ","Monsenhor Tabosa"," 6 553 "," 1 767 "," 1 864 ","  754 ","  335 ","  70 ","  31 ","  5 "," 1 728 ","Monsenhor Tabosa"," 7 368 "," 1 399 "," 1 644 ","  279 ","  25 ","  5 ","- ","- "," 4 016 ",2308609
"Morada Nova"," 53 052 "," 12 802 "," 13 266 "," 5 137 "," 1 754 ","  430 ","  67 ","  24 "," 19 573 ","Morada Nova"," 22 755 "," 6 498 "," 6 756 "," 3 827 "," 1 524 ","  359 ","  57 ","  24 "," 3 711 ","Morada Nova"," 30 297 "," 6 304 "," 6 511 "," 1 310 ","  230 ","  71 ","  9 ","- "," 15 862 ",2308708
"Moraújo"," 6 656 "," 1 594 "," 1 398 ","  495 ","  95 ","  8 ","- ","- "," 3 066 ","Moraújo"," 3 108 ","  949 ","  831 ","  349 ","  84 ","  4 ","- ","- ","  891 ","Moraújo"," 3 547 ","  645 ","  567 ","  145 ","  11 ","  4 ","- ","- "," 2 175 ",2308807
"Morrinhos"," 16 642 "," 4 074 "," 3 737 "," 1 268 ","  493 ","  53 ","- ","- "," 7 016 ","Morrinhos"," 7 383 "," 2 520 "," 1 900 "," 1 087 ","  457 ","  42 ","- ","- "," 1 378 ","Morrinhos"," 9 258 "," 1 554 "," 1 837 ","  182 ","  36 ","  11 ","- ","- "," 5 639 ",2308906
"Mucambo"," 11 900 "," 2 617 "," 2 879 ","  859 ","  266 ","  89 ","  21 ","  5 "," 5 165 ","Mucambo"," 4 858 "," 1 660 "," 1 195 ","  613 ","  211 ","  77 ","  21 ","  5 "," 1 077 ","Mucambo"," 7 042 ","  957 "," 1 685 ","  246 ","  56 ","  12 ","- ","- "," 4 088 ",2309003
"Mulungu"," 9 384 "," 2 204 "," 2 585 ","  717 ","  159 ","  25 ","  8 ","  8 "," 3 678 ","Mulungu"," 4 286 "," 1 357 "," 1 579 ","  600 ","  146 ","  21 ","  8 ","  8 ","  567 ","Mulungu"," 5 098 ","  847 "," 1 006 ","  117 ","  13 ","  4 ","- ","- "," 3 111 ",2309102
"Nova Olinda"," 11 747 "," 2 883 "," 3 007 ","  867 ","  331 ","  68 ","  13 ","  31 "," 4 546 ","Nova Olinda"," 5 787 "," 1 825 "," 1 722 ","  659 ","  282 ","  59 ","  13 ","  31 "," 1 196 ","Nova Olinda"," 5 960 "," 1 059 "," 1 285 ","  208 ","  49 ","  9 ","- ","- "," 3 350 ",2309201
"Nova Russas"," 26 084 "," 6 480 "," 7 321 "," 2 604 ","  991 ","  259 ","  31 ","  34 "," 8 363 ","Nova Russas"," 13 323 "," 4 638 "," 3 943 "," 2 010 ","  877 ","  239 ","  31 ","  24 "," 1 561 ","Nova Russas"," 12 761 "," 1 842 "," 3 378 ","  594 ","  115 ","  20 ","- ","  11 "," 6 802 ",2309300
"Novo Oriente"," 23 179 "," 5 823 "," 4 850 "," 1 623 ","  563 ","  129 ","  26 ","  36 "," 10 130 ","Novo Oriente"," 9 169 "," 3 162 "," 1 829 "," 1 354 ","  553 ","  129 ","  26 ","  36 "," 2 081 ","Novo Oriente"," 14 010 "," 2 660 "," 3 021 ","  269 ","  10 ","- ","- ","- "," 8 049 ",2309409
"Ocara"," 20 257 "," 4 287 "," 4 700 "," 1 490 ","  387 ","  42 ","  9 ","  12 "," 9 328 ","Ocara"," 7 694 "," 2 196 "," 2 229 "," 1 004 ","  321 ","  30 ","  9 ","  12 "," 1 894 ","Ocara"," 12 562 "," 2 091 "," 2 471 ","  486 ","  67 ","  12 ","- ","- "," 7 434 ",2309458
"Orós"," 18 198 "," 4 856 "," 5 469 "," 1 843 ","  613 ","  95 ","  10 ","  11 "," 5 302 ","Orós"," 8 854 "," 3 187 "," 2 770 "," 1 178 ","  498 ","  84 ","  10 ","  11 "," 1 118 ","Orós"," 9 344 "," 1 669 "," 2 699 ","  665 ","  115 ","  11 ","- ","- "," 4 184 ",2309508
"Pacajus"," 51 595 "," 7 380 "," 16 794 "," 7 324 "," 2 192 ","  492 ","  116 ","  68 "," 17 229 ","Pacajus"," 28 728 "," 3 829 "," 12 456 "," 6 732 "," 2 010 ","  444 ","  116 ","  68 "," 3 072 ","Pacajus"," 22 868 "," 3 552 "," 4 338 ","  592 ","  182 ","  48 ","- ","- "," 14 156 ",2309607
"Pacatuba"," 59 760 "," 6 346 "," 16 088 "," 10 212 "," 2 793 ","  555 ","  128 ","  32 "," 23 606 ","Pacatuba"," 31 658 "," 2 602 "," 12 370 "," 9 439 "," 2 554 ","  496 ","  97 ","  32 "," 4 069 ","Pacatuba"," 28 102 "," 3 744 "," 3 718 ","  773 ","  239 ","  59 ","  31 ","- "," 19 538 ",2309706
"Pacoti"," 9 642 "," 2 120 "," 2 716 ","  879 ","  272 ","  66 ","  10 ","  5 "," 3 574 ","Pacoti"," 4 948 "," 1 431 "," 1 768 ","  681 ","  253 ","  59 ","  10 ","  5 ","  741 ","Pacoti"," 4 695 ","  689 ","  948 ","  198 ","  20 ","  7 ","- ","- "," 2 833 ",2309805
"Pacujá"," 5 016 "," 1 370 "," 1 271 ","  483 ","  140 ","  28 ","  3 ","  6 "," 1 716 ","Pacujá"," 2 491 ","  989 ","  637 ","  366 ","  122 ","  22 ","- ","  6 ","  348 ","Pacujá"," 2 525 ","  380 ","  633 ","  117 ","  18 ","  7 ","  3 ","- "," 1 367 ",2309904
"Palhano"," 7 632 "," 1 866 "," 2 252 ","  809 ","  167 ","  64 ","  12 ","- "," 2 463 ","Palhano"," 4 005 "," 1 097 "," 1 330 ","  558 ","  155 ","  64 ","  12 ","- ","  789 ","Palhano"," 3 627 ","  769 ","  922 ","  251 ","  12 ","- ","- ","- "," 1 674 ",2310001
"Palmácia"," 10 106 "," 1 977 "," 2 487 ","  777 ","  319 ","  52 ","  20 ","  28 "," 4 447 ","Palmácia"," 3 560 "," 1 034 "," 1 191 ","  527 ","  294 ","  45 ","  20 ","  28 ","  420 ","Palmácia"," 6 547 ","  943 "," 1 296 ","  249 ","  24 ","  7 ","- ","- "," 4 027 ",2310100
"Paracuru"," 26 466 "," 5 601 "," 6 971 "," 2 663 "," 1 020 ","  351 ","  95 ","  10 "," 9 756 ","Paracuru"," 13 241 "," 3 194 "," 4 826 "," 2 348 ","  907 ","  303 ","  65 ","  10 "," 1 588 ","Paracuru"," 13 225 "," 2 407 "," 2 145 ","  315 ","  113 ","  47 ","  30 ","- "," 8 168 ",2310209
"Paraipaba"," 24 978 "," 5 921 "," 6 894 "," 2 133 "," 1 087 ","  197 ","  75 ","  18 "," 8 654 ","Paraipaba"," 13 216 "," 3 569 "," 4 783 "," 1 905 "," 1 001 ","  174 ","  65 ","  18 "," 1 703 ","Paraipaba"," 11 762 "," 2 352 "," 2 111 ","  228 ","  87 ","  23 ","  10 ","- "," 6 951 ",2310258
"Parambu"," 26 081 "," 6 677 "," 6 333 "," 1 799 ","  502 ","  76 ","  20 ","  11 "," 10 662 ","Parambu"," 11 690 "," 4 265 "," 3 050 "," 1 305 ","  459 ","  76 ","  20 ","  11 "," 2 505 ","Parambu"," 14 391 "," 2 412 "," 3 283 ","  495 ","  44 ","- ","- ","- "," 8 157 ",2310308
"Paramoti"," 9 357 "," 1 854 "," 2 377 ","  608 ","  165 ","  5 ","  10 ","- "," 4 338 ","Paramoti"," 3 460 ","  972 "," 1 139 ","  432 ","  148 ","  5 ","  10 ","- ","  753 ","Paramoti"," 5 897 ","  882 "," 1 238 ","  176 ","  17 ","- ","- ","- "," 3 584 ",2310407
"Pedra Branca"," 35 317 "," 7 024 "," 8 949 "," 3 252 ","  675 ","  126 ","  20 ","- "," 15 272 ","Pedra Branca"," 13 884 "," 4 015 "," 3 880 "," 2 351 ","  595 ","  115 ","  20 ","- "," 2 907 ","Pedra Branca"," 21 434 "," 3 009 "," 5 068 ","  901 ","  80 ","  11 ","- ","- "," 12 365 ",2310506
"Penaforte"," 6 705 "," 1 698 "," 1 747 ","  864 ","  197 ","  42 ","  4 ","- "," 2 152 ","Penaforte"," 3 967 "," 1 119 "," 1 183 ","  716 ","  182 ","  42 ","  4 ","- ","  721 ","Penaforte"," 2 737 ","  580 ","  564 ","  148 ","  15 ","- ","- ","- "," 1 431 ",2310605
"Pentecoste"," 29 546 "," 6 452 "," 6 960 "," 2 258 "," 1 068 ","  291 ","  20 ","  18 "," 12 479 ","Pentecoste"," 13 036 "," 3 751 "," 4 104 "," 1 794 ","  877 ","  237 ","  20 ","  18 "," 2 236 ","Pentecoste"," 16 510 "," 2 702 "," 2 856 ","  464 ","  192 ","  54 ","- ","- "," 10 243 ",2310704
"Pereiro"," 13 236 "," 2 826 "," 3 033 "," 1 058 ","  195 ","  32 ","  11 ","- "," 6 080 ","Pereiro"," 6 048 "," 1 614 "," 1 364 ","  774 ","  189 ","  32 ","  11 ","- "," 2 064 ","Pereiro"," 7 188 "," 1 212 "," 1 670 ","  284 ","  5 ","- ","- ","- "," 4 017 ",2310803
"Pindoretama"," 15 872 "," 2 998 "," 5 013 "," 1 748 ","  596 ","  104 ","  6 ","  10 "," 5 398 ","Pindoretama"," 7 852 "," 1 820 "," 3 289 "," 1 439 ","  547 ","  93 ","  6 ","  5 ","  654 ","Pindoretama"," 8 019 "," 1 177 "," 1 724 ","  309 ","  49 ","  11 ","- ","  5 "," 4 744 ",2310852
"Piquet Carneiro"," 13 353 "," 2 761 "," 3 526 ","  896 ","  260 ","  31 ","  4 ","- "," 5 876 ","Piquet Carneiro"," 5 303 "," 1 360 "," 1 525 ","  548 ","  225 ","  26 ","  4 ","- "," 1 615 ","Piquet Carneiro"," 8 050 "," 1 402 "," 2 001 ","  347 ","  34 ","  5 ","- ","- "," 4 261 ",2310902
"Pires Ferreira"," 8 520 "," 2 199 "," 1 939 ","  538 ","  144 ","  8 ","  5 ","- "," 3 686 ","Pires Ferreira"," 3 054 "," 1 250 ","  802 ","  251 ","  120 ","  8 ","  5 ","- ","  617 ","Pires Ferreira"," 5 466 ","  950 "," 1 137 ","  287 ","  24 ","- ","- ","- "," 3 069 ",2310951
"Poranga"," 9 917 "," 2 235 "," 2 353 ","  681 ","  291 ","  39 ","  16 ","- "," 4 303 ","Poranga"," 4 067 "," 1 161 "," 1 076 ","  497 ","  279 ","  33 ","  16 ","- "," 1 005 ","Poranga"," 5 850 "," 1 074 "," 1 276 ","  184 ","  12 ","  6 ","- ","- "," 3 298 ",2311009
"Porteiras"," 12 546 "," 3 370 "," 3 156 "," 1 001 ","  301 ","  60 ","- ","- "," 4 658 ","Porteiras"," 5 989 "," 2 432 "," 1 442 ","  795 ","  285 ","  54 ","- ","- ","  982 ","Porteiras"," 6 557 ","  938 "," 1 714 ","  206 ","  17 ","  6 ","- ","- "," 3 676 ",2311108
"Potengi"," 8 306 "," 1 942 "," 1 893 ","  512 ","  233 ","  46 ","  12 ","  4 "," 3 665 ","Potengi"," 4 223 "," 1 405 ","  789 ","  352 ","  216 ","  46 ","  12 ","  4 "," 1 400 ","Potengi"," 4 083 ","  537 "," 1 104 ","  160 ","  17 ","- ","- ","- "," 2 265 ",2311207
"Potiretama"," 5 147 "," 1 289 "," 1 350 ","  427 ","  111 ","  29 ","  7 ","- "," 1 934 ","Potiretama"," 2 730 ","  827 ","  752 ","  318 ","  96 ","  24 ","  7 ","- ","  707 ","Potiretama"," 2 417 ","  462 ","  598 ","  109 ","  15 ","  5 ","- ","- "," 1 228 ",2311231
"Quiterianópolis"," 16 726 "," 4 057 "," 3 736 "," 1 254 ","  324 ","  49 ","- ","  11 "," 7 296 ","Quiterianópolis"," 7 916 "," 2 285 "," 1 651 ","  833 ","  320 ","  49 ","- ","  11 "," 2 768 ","Quiterianópolis"," 8 810 "," 1 773 "," 2 084 ","  420 ","  4 ","- ","- ","- "," 4 528 ",2311264
"Quixadá"," 67 283 "," 12 917 "," 18 699 "," 6 334 "," 2 888 ","  793 ","  198 ","  47 "," 25 408 ","Quixadá"," 32 172 "," 7 473 "," 11 495 "," 5 301 "," 2 444 ","  718 ","  188 ","  47 "," 4 507 ","Quixadá"," 35 111 "," 5 444 "," 7 203 "," 1 033 ","  444 ","  75 ","  10 ","- "," 20 902 ",2311306
"Quixelô"," 12 854 "," 3 606 "," 3 566 ","  977 ","  293 ","  33 ","  4 ","  6 "," 4 370 ","Quixelô"," 6 667 "," 2 524 "," 1 740 ","  669 ","  288 ","  33 ","  4 ","  6 "," 1 404 ","Quixelô"," 6 187 "," 1 082 "," 1 826 ","  307 ","  6 ","- ","- ","- "," 2 966 ",2311355
"Quixeramobim"," 60 050 "," 12 086 "," 18 439 "," 5 119 "," 1 858 ","  573 ","  171 ","  81 "," 21 724 ","Quixeramobim"," 29 444 "," 6 616 "," 11 301 "," 4 182 "," 1 614 ","  515 ","  128 ","  81 "," 5 006 ","Quixeramobim"," 30 607 "," 5 470 "," 7 138 ","  937 ","  244 ","  58 ","  42 ","- "," 16 717 ",2311405
"Quixeré"," 16 240 "," 3 163 "," 4 960 "," 1 694 ","  409 ","  58 ","  10 ","- "," 5 946 ","Quixeré"," 7 757 "," 1 761 "," 3 096 "," 1 332 ","  354 ","  55 ","  10 ","- "," 1 149 ","Quixeré"," 8 483 "," 1 402 "," 1 864 ","  362 ","  55 ","  3 ","- ","- "," 4 797 ",2311504
"Redenção"," 22 133 "," 4 358 "," 6 066 "," 2 241 ","  678 ","  92 ","  32 ","  10 "," 8 656 ","Redenção"," 10 629 "," 2 710 "," 3 665 "," 1 709 ","  561 ","  92 ","  32 ","  10 "," 1 850 ","Redenção"," 11 504 "," 1 648 "," 2 400 ","  532 ","  117 ","- ","- ","- "," 6 806 ",2311603
"Reriutaba"," 16 233 "," 3 847 "," 3 965 "," 1 215 ","  444 ","  65 ","  35 ","  15 "," 6 648 ","Reriutaba"," 6 335 "," 2 063 "," 1 746 ","  764 ","  351 ","  49 ","  35 ","  15 "," 1 312 ","Reriutaba"," 9 898 "," 1 784 "," 2 218 ","  451 ","  94 ","  16 ","- ","- "," 5 336 ",2311702
"Russas"," 59 433 "," 8 975 "," 20 498 "," 7 584 "," 2 867 ","  657 ","  158 ","  59 "," 18 634 ","Russas"," 33 304 "," 5 170 "," 14 680 "," 6 394 "," 2 421 ","  627 ","  149 ","  59 "," 3 805 ","Russas"," 26 129 "," 3 805 "," 5 818 "," 1 190 ","  446 ","  31 ","  9 ","- "," 14 829 ",2311801
"Saboeiro"," 13 032 "," 3 237 "," 2 896 "," 1 181 ","  277 ","  72 ","  14 ","- "," 5 355 ","Saboeiro"," 6 436 "," 1 845 "," 1 469 ","  737 ","  237 ","  72 ","  14 ","- "," 2 061 ","Saboeiro"," 6 596 "," 1 392 "," 1 427 ","  444 ","  40 ","- ","- ","- "," 3 293 ",2311900
"Salitre"," 12 252 "," 3 567 "," 2 853 ","  918 ","  176 ","  22 ","- ","- "," 4 716 ","Salitre"," 6 340 "," 2 493 "," 1 698 ","  700 ","  137 ","  17 ","- ","- "," 1 295 ","Salitre"," 5 912 "," 1 074 "," 1 155 ","  218 ","  39 ","  5 ","- ","- "," 3 422 ",2311959
"Santa Quitéria"," 35 566 "," 7 730 "," 8 647 "," 2 832 ","  810 ","  153 ","  59 ","  14 "," 15 321 ","Santa Quitéria"," 15 412 "," 4 197 "," 4 370 "," 2 309 ","  728 ","  153 ","  42 ","  14 "," 3 599 ","Santa Quitéria"," 20 154 "," 3 533 "," 4 277 ","  523 ","  82 ","- ","  17 ","- "," 11 722 ",2312205
"Santana do Acaraú"," 24 484 "," 4 192 "," 5 161 "," 1 107 ","  535 ","  143 ","  47 ","  22 "," 13 278 ","Santana do Acaraú"," 9 757 "," 2 248 "," 2 826 ","  755 ","  493 ","  143 ","  33 ","  22 "," 3 237 ","Santana do Acaraú"," 14 727 "," 1 944 "," 2 335 ","  352 ","  42 ","- ","  14 ","- "," 10 041 ",2312007
"Santana do Cariri"," 13 865 "," 3 651 "," 3 032 ","  997 ","  369 ","  103 ","  15 ","- "," 5 697 ","Santana do Cariri"," 6 522 "," 2 382 "," 1 627 ","  724 ","  325 ","  81 ","  11 ","- "," 1 373 ","Santana do Cariri"," 7 343 "," 1 269 "," 1 405 ","  273 ","  45 ","  22 ","  5 ","- "," 4 324 ",2312106
"São Benedito"," 36 043 "," 9 696 "," 9 594 "," 3 041 "," 1 098 ","  257 ","  62 ","  18 "," 12 277 ","São Benedito"," 19 358 "," 7 157 "," 5 665 "," 2 321 ","  991 ","  231 ","  55 ","  18 "," 2 920 ","São Benedito"," 16 685 "," 2 539 "," 3 929 ","  719 ","  107 ","  26 ","  7 ","- "," 9 357 ",2312304
"São Gonçalo do Amarante"," 36 737 "," 6 373 "," 9 404 "," 4 622 "," 1 540 ","  235 ","  65 ","  50 "," 14 448 ","São Gonçalo do Amarante"," 17 996 "," 3 280 "," 6 483 "," 4 092 "," 1 428 ","  209 ","  56 ","  50 "," 2 399 ","São Gonçalo do Amarante"," 18 741 "," 3 093 "," 2 921 ","  531 ","  112 ","  26 ","  9 ","- "," 12 049 ",2312403
"São João do Jaguaribe"," 7 012 "," 1 578 "," 2 048 ","  903 ","  311 ","  60 ","  20 ","  17 "," 2 074 ","São João do Jaguaribe"," 3 101 ","  908 ","  954 ","  665 ","  277 ","  50 ","  13 ","  17 ","  218 ","São João do Jaguaribe"," 3 911 ","  670 "," 1 094 ","  239 ","  34 ","  11 ","  8 ","- "," 1 856 ",2312502
"São Luís do Curu"," 10 448 "," 2 251 "," 2 712 ","  837 ","  339 ","  87 ","  15 ","- "," 4 206 ","São Luís do Curu"," 4 804 "," 1 362 "," 1 565 ","  716 ","  268 ","  82 ","  15 ","- ","  796 ","São Luís do Curu"," 5 644 ","  889 "," 1 147 ","  122 ","  71 ","  5 ","- ","- "," 3 410 ",2312601
"Senador Pompeu"," 22 557 "," 4 662 "," 6 800 "," 1 951 ","  697 ","  210 ","  30 ","- "," 8 206 ","Senador Pompeu"," 11 139 "," 2 771 "," 3 670 "," 1 419 ","  621 ","  150 ","  30 ","- "," 2 478 ","Senador Pompeu"," 11 418 "," 1 891 "," 3 131 ","  532 ","  76 ","  60 ","- ","- "," 5 728 ",2312700
"Senador Sá"," 5 574 "," 1 561 "," 1 307 ","  419 ","  127 ","  29 ","  9 ","- "," 2 122 ","Senador Sá"," 3 085 "," 1 226 ","  751 ","  336 ","  119 ","  26 ","  9 ","- ","  618 ","Senador Sá"," 2 489 ","  335 ","  556 ","  82 ","  9 ","  3 ","- ","- "," 1 505 ",2312809
"Sobral"," 158 843 "," 19 063 "," 48 470 "," 18 058 "," 9 085 "," 2 800 ","  994 ","  497 "," 59 876 ","Sobral"," 84 255 "," 10 688 "," 36 881 "," 16 626 "," 8 087 "," 2 532 ","  927 ","  480 "," 8 032 ","Sobral"," 74 588 "," 8 375 "," 11 590 "," 1 432 ","  998 ","  268 ","  66 ","  16 "," 51 844 ",2312908
"Solonópole"," 15 101 "," 3 630 "," 4 411 "," 1 203 ","  407 ","  96 ","  23 ","- "," 5 332 ","Solonópole"," 7 184 "," 2 162 "," 2 247 ","  739 ","  376 ","  88 ","  19 ","- "," 1 552 ","Solonópole"," 7 917 "," 1 468 "," 2 163 ","  464 ","  30 ","  8 ","  4 ","- "," 3 780 ",2313005
"Tabuleiro do Norte"," 25 013 "," 4 466 "," 6 684 "," 3 142 "," 1 364 ","  261 ","  165 ","  23 "," 8 907 ","Tabuleiro do Norte"," 11 310 "," 2 094 "," 3 703 "," 2 658 "," 1 131 ","  221 ","  165 ","  23 "," 1 314 ","Tabuleiro do Norte"," 13 703 "," 2 371 "," 2 981 ","  484 ","  234 ","  40 ","- ","- "," 7 593 ",2313104
"Tamboril"," 21 235 "," 5 354 "," 5 212 "," 1 439 ","  506 ","  52 ","  23 ","- "," 8 648 ","Tamboril"," 8 570 "," 3 226 "," 2 262 "," 1 040 ","  471 ","  52 ","  23 ","- "," 1 496 ","Tamboril"," 12 665 "," 2 129 "," 2 950 ","  399 ","  35 ","- ","- ","- "," 7 152 ",2313203
"Tarrafas"," 7 473 "," 1 693 "," 1 749 ","  628 ","  172 ","  29 ","  5 ","- "," 3 196 ","Tarrafas"," 3 291 ","  897 ","  760 ","  444 ","  168 ","  23 ","  5 ","- ","  994 ","Tarrafas"," 4 182 ","  796 ","  990 ","  184 ","  4 ","  6 ","- ","- "," 2 203 ",2313252
"Tauá"," 46 876 "," 9 645 "," 12 897 "," 4 223 "," 1 331 ","  306 ","  158 ","  94 "," 18 222 ","Tauá"," 23 417 "," 6 522 "," 6 951 "," 3 095 "," 1 228 ","  287 ","  137 ","  94 "," 5 104 ","Tauá"," 23 459 "," 3 123 "," 5 946 "," 1 128 ","  103 ","  20 ","  21 ","- "," 13 117 ",2313302
"Tejuçuoca"," 13 760 "," 3 355 "," 3 375 ","  985 ","  272 ","  57 ","  3 ","  7 "," 5 705 ","Tejuçuoca"," 5 882 "," 1 915 "," 1 858 ","  722 ","  243 ","  50 ","  3 ","  7 "," 1 083 ","Tejuçuoca"," 7 878 "," 1 440 "," 1 517 ","  263 ","  29 ","  7 ","- ","- "," 4 622 ",2313351
"Tianguá"," 56 121 "," 12 520 "," 15 569 "," 5 675 "," 2 402 ","  666 ","  281 ","  171 "," 18 837 ","Tianguá"," 30 616 "," 7 943 "," 11 282 "," 4 821 "," 2 216 ","  594 ","  248 ","  159 "," 3 353 ","Tianguá"," 25 505 "," 4 578 "," 4 288 ","  854 ","  186 ","  71 ","  33 ","  12 "," 15 484 ",2313401
"Trairi"," 42 152 "," 10 309 "," 8 812 "," 3 156 "," 1 103 ","  179 ","  66 ","  10 "," 18 518 ","Trairi"," 20 466 "," 6 275 "," 5 086 "," 2 700 ","  998 ","  179 ","  56 ","  10 "," 5 162 ","Trairi"," 21 686 "," 4 033 "," 3 726 ","  456 ","  104 ","- ","  10 ","- "," 13 357 ",2313500
"Tururu"," 11 979 "," 2 427 "," 2 515 ","  799 ","  217 ","  43 ","  5 ","- "," 5 973 ","Tururu"," 4 587 "," 1 343 "," 1 262 ","  499 ","  193 ","  40 ","  5 ","- "," 1 244 ","Tururu"," 7 392 "," 1 084 "," 1 253 ","  299 ","  24 ","  3 ","- ","- "," 4 729 ",2313559
"Ubajara"," 26 020 "," 5 224 "," 7 374 "," 2 465 "," 1 055 ","  303 ","  133 ","  9 "," 9 457 ","Ubajara"," 13 889 "," 3 496 "," 5 013 "," 1 972 ","  939 ","  271 ","  105 ","  9 "," 2 084 ","Ubajara"," 12 130 "," 1 728 "," 2 361 ","  493 ","  116 ","  32 ","  28 ","- "," 7 373 ",2313609
"Umari"," 6 338 "," 1 348 "," 1 734 ","  430 ","  79 ","  27 ","  5 ","  8 "," 2 707 ","Umari"," 1 925 ","  635 ","  584 ","  281 ","  59 ","  27 ","  5 ","  5 ","  329 ","Umari"," 4 413 ","  714 "," 1 150 ","  148 ","  20 ","- ","- ","  3 "," 2 378 ",2313708
"Umirim"," 15 408 "," 3 400 "," 3 653 ","  921 ","  269 ","  84 ","- ","  5 "," 7 077 ","Umirim"," 6 139 "," 1 645 "," 2 052 ","  675 ","  234 ","  75 ","- ","  5 "," 1 454 ","Umirim"," 9 269 "," 1 755 "," 1 601 ","  246 ","  35 ","  9 ","- ","- "," 5 622 ",2313757
"Uruburetama"," 16 293 "," 3 264 "," 4 741 "," 1 122 ","  378 ","  76 ","  59 ","  27 "," 6 627 ","Uruburetama"," 8 448 "," 2 082 "," 3 299 ","  935 ","  345 ","  76 ","  59 ","  27 "," 1 625 ","Uruburetama"," 7 845 "," 1 182 "," 1 442 ","  187 ","  33 ","- ","- ","- "," 5 001 ",2313807
"Uruoca"," 10 646 "," 2 845 "," 2 241 ","  781 ","  187 ","  18 ","  4 ","- "," 4 571 ","Uruoca"," 4 592 "," 1 734 "," 1 139 ","  517 ","  168 ","  18 ","  4 ","- "," 1 012 ","Uruoca"," 6 054 "," 1 111 "," 1 102 ","  264 ","  19 ","- ","- ","- "," 3 558 ",2313906
"Varjota"," 14 599 "," 3 312 "," 4 055 "," 1 151 ","  473 ","  131 ","  43 ","  12 "," 5 422 ","Varjota"," 6 651 "," 2 025 "," 2 256 ","  944 ","  358 ","  84 ","  39 ","  12 ","  934 ","Varjota"," 7 948 "," 1 287 "," 1 800 ","  207 ","  116 ","  46 ","  4 ","- "," 4 488 ",2313955
"Várzea Alegre"," 32 606 "," 8 022 "," 8 975 "," 2 891 ","  795 ","  288 ","  60 ","  17 "," 11 558 ","Várzea Alegre"," 14 422 "," 4 959 "," 4 357 "," 1 848 ","  591 ","  259 ","  60 ","  8 "," 2 340 ","Várzea Alegre"," 18 184 "," 3 063 "," 4 618 "," 1 044 ","  204 ","  28 ","- ","  9 "," 9 218 ",2314003
"Viçosa do Ceará"," 44 591 "," 11 784 "," 9 357 "," 2 931 ","  458 ","  245 ","  40 ","  43 "," 19 735 ","Viçosa do Ceará"," 22 742 "," 8 448 "," 5 219 "," 2 084 ","  411 ","  212 ","  40 ","  33 "," 6 295 ","Viçosa do Ceará"," 21 849 "," 3 336 "," 4 138 ","  846 ","  47 ","  33 ","- ","  10 "," 13 440 ",2314102
,,,,,,,,,,,,,,,,,,,,,,,,,,,,,,
,,,,,,,,,,,,,,,,,,,,"Fonte: IBGE, Censo Demográfico 2010.",,,,,,,,,,
,,,,,,,,,,,,,,,,,,,,"(1) Salário mínimo utilizado: R$ 510,00.  (2) Inclusive as pessoas que recebiam somente em benefícios. ",,,,,,,,,,
